player,pos,team,ecr,sd,bye,age,gsis_id,proj_ppg,exp_games,proj_pts,proj_sd,replacement,vorp,vorp_rank
Bijan Robinson,RB,ATL,4.19,1.3,11.0,24.59958932238193,00-0038542,24.375167125624188,16.439999999999998,400.7277475452616,98.0397108596219,161.23689076876227,239.49085677649933,1
Jahmyr Gibbs,RB,DET,2.43,1.22,6.0,24.465434633812457,00-0039139,24.263086561414525,16.04,389.179908445089,96.46743772760865,161.23689076876227,227.94301767632672,2
Ja'Marr Chase,WR,CIN,1.49,0.88,6.0,26.5160848733744,00-0036900,22.759289898788147,15.959999999999999,363.2382667846588,83.9374565918712,161.78053356376364,201.45773322089514,3
Puka Nacua,WR,LAR,3.43,1.62,11.0,25.27310061601643,00-0039075,23.28135931660659,14.959999999999999,348.28913537643456,82.32737039436924,161.78053356376364,186.50860181267092,4
Amon-Ra St. Brown,WR,DET,5.4,1.29,6.0,26.869267624914443,00-0036963,20.679193029083738,16.16,334.1757593499932,80.7716832976666,161.78053356376364,172.39522578622956,5
Jaxon Smith-Njigba,WR,SEA,4.61,1.44,11.0,24.55852156057495,00-0038543,20.340131834064703,16.36,332.7645568052985,80.7498348599142,161.78053356376364,170.98402324153489,6
Jonathan Taylor,RB,IND,11.82,5.05,13.0,27.630390143737166,00-0036223,22.205451071907163,14.44,320.64671347833945,87.46420703004398,161.23689076876227,159.40982270957718,7
James Cook III,RB,BUF,14.97,5.66,7.0,26.94866529774127,00-0037248,19.6728517552047,16.240000000000002,319.48711250452436,89.86818276894266,161.23689076876227,158.2502217357621,8
De'Von Achane,RB,MIA,21.49,6.71,6.0,24.89801505817933,00-0039040,20.928778235862122,15.04,314.7688246673663,87.42946660648374,161.23689076876227,153.53193389860402,9
Trey McBride,TE,ARI,18.5,5.19,14.0,26.78986995208761,00-0037744,18.44529265219879,15.96,294.3868707290927,64.0488484134629,141.4555441643843,152.93132656470843,10
Christian McCaffrey,RB,SF,9.58,4.48,8.0,30.24777549623545,00-0033280,22.12073950951642,13.64,301.72688690980397,84.6140836456182,161.23689076876227,140.4899961410417,11
CeeDee Lamb,WR,DAL,9.03,1.69,14.0,27.41409993155373,00-0036358,18.84969907670663,15.16,285.7614380028725,74.82943271166093,161.78053356376364,123.98090443910888,12
Josh Allen,QB,BUF,25.77,3.01,7.0,30.2943189596167,00-0034857,26.11371691621022,16.119999999999997,420.9531166893087,111.67102035701363,308.62175610452914,112.33136058477953,13
Derrick Henry,RB,BAL,37.64,6.99,13.0,32.67077344284736,00-0032764,16.619620145280468,16.439999999999998,273.2265551884108,86.38594095515928,161.23689076876227,111.98966441964856,14
Kyren Williams,RB,LAR,42.04,6.43,11.0,26.028747433264886,00-0037840,17.86994831576241,15.24,272.33801233221914,83.46866430572742,161.23689076876227,111.10112156345687,15
Chase Brown,RB,CIN,17.05,5.98,6.0,26.46132785763176,00-0038597,18.132033700760182,14.84,269.0793801192811,82.35113874020443,161.23689076876227,107.84248935051883,16
Breece Hall,RB,NYJ,39.52,4.84,13.0,25.267624914442163,00-0038120,16.552169746055586,16.04,265.4968027267316,84.72566759561785,161.23689076876227,104.25991195796931,17
Saquon Barkley,RB,PHI,23.6,6.02,10.0,29.571526351813823,00-0034844,16.99218583395005,15.44,262.35934927618877,82.98908307029745,161.23689076876227,101.1224585074265,18
George Pickens,WR,DAL,20.43,5.82,14.0,25.508555783709788,00-0037247,16.64153187163586,15.76,262.27054229698115,72.99158206501886,161.78053356376364,100.49000873321751,19
Jeremiyah Love,RB,ARI,40.1,7.87,14.0,21.267624914442163,00-0041027,16.732936989186523,15.6,261.03381703130975,83.25203167923546,161.23689076876227,99.79692626254749,20
Drake London,WR,ATL,13.17,3.46,11.0,25.11978097193703,00-0037238,16.94175720265986,15.16,256.8370391923235,71.67856720896289,161.78053356376364,95.05650562855988,21
Nico Collins,WR,HOU,16.0,3.72,8.0,27.468856947296374,00-0036554,16.94293679728018,14.56,246.6891597683994,69.92848034170645,161.78053356376364,84.90862620463577,22
A.J. Brown,WR,NE,13.73,5.45,11.0,29.1854893908282,00-0035676,15.99033526886868,15.16,242.4134826760492,70.18554371829843,161.78053356376364,80.63294911228556,23
Justin Jefferson,WR,MIN,9.17,2.9,6.0,27.225188227241617,00-0036322,16.0941436652695,14.959999999999999,240.7683892324317,69.74750427357196,161.78053356376364,78.98785566866806,24
Zay Flowers,WR,BAL,29.64,7.73,13.0,25.984941820670773,00-0039064,14.813286595628846,16.16,239.38271138536214,71.5308521286182,161.78053356376364,77.6021778215985,25
D'Andre Swift,RB,CHI,52.39,7.81,10.0,27.644079397672822,00-0036275,14.778589756926436,16.04,237.04857970110004,82.47909867824617,161.23689076876227,75.81168893233777,26
Javonte Williams,RB,DAL,43.43,6.56,14.0,26.36550308008213,00-0036997,14.739549989074506,16.04,236.42238182475506,82.4318604729487,161.23689076876227,75.1854910559928,27
Travis Etienne Jr.,RB,NO,45.04,6.03,8.0,27.61122518822724,00-0036973,14.620037614935212,16.04,234.5054033435608,82.28785999810626,161.23689076876227,73.26851257479854,28
Chris Olave,WR,NO,17.37,5.9,8.0,26.19301848049281,00-0037239,16.53591358420122,14.16,234.1485363522893,68.10319143442393,161.78053356376364,72.36800278852567,29
Houston Texans,DST,HOU,153.67,5.61,8.0,,,11.251041666666666,16.0,180.01666666666665,30.0,113.56666666666666,66.44999999999999,30
DeVonta Smith,WR,PHI,22.72,7.16,10.0,27.811088295687885,00-0036912,14.846139799434305,15.36,228.03670731931092,69.0827193470537,161.78053356376364,66.25617375554728,31
Kenneth Walker III,RB,KC,24.95,7.61,5.0,25.87816563997262,00-0038134,15.285097434802513,14.84,226.8308459324693,78.34913975454936,161.23689076876227,65.59395516370702,32
George Kittle,TE,SF,97.7,12.8,8.0,32.90896646132786,00-0033288,14.226875106596218,14.360000000000001,204.2979265307217,53.172431943434056,141.4555441643843,62.842382366337404,33
Brock Bowers,TE,LV,21.2,5.51,13.0,23.731690622861056,00-0039338,17.018577911055328,11.760000000000002,200.13847623401068,54.189028213976165,141.4555441643843,58.68293206962639,34
Lamar Jackson,QB,BAL,31.84,9.34,13.0,29.661875427789184,00-0034796,23.560500012051754,15.52,365.6589601870432,105.06562904741466,308.62175610452914,57.03720408251405,35
Denver Broncos,DST,DEN,164.44,7.26,10.0,55.92607802874743,,10.630208333333334,16.0,170.08333333333334,30.0,113.56666666666666,56.51666666666668,36
Travis Kelce,TE,KC,98.18,15.03,5.0,36.91991786447639,00-0030506,12.720131432038833,15.56,197.92524508252424,52.979984666124565,141.4555441643843,56.46970091813995,37
Jalen Hurts,QB,PHI,57.19,12.64,10.0,28.082135523613964,00-0036389,22.771503570941142,15.92,362.522336849383,105.69812341852699,308.62175610452914,53.90058074485387,38
Garrett Wilson,WR,NYJ,30.28,7.2,13.0,26.12457221081451,00-0037740,14.879039020759887,14.36,213.66300033811197,66.07224505483038,161.78053356376364,51.88246677434833,39
Brandon Aubrey,K,DAL,185.55,7.32,14.0,31.482546201232037,00-0037692,11.729166666666666,16.0,187.66666666666666,24.0,136.66666666666666,51.0,40
Kyle Pitts Sr.,TE,ATL,78.83,11.39,11.0,25.916495550992472,00-0036970,11.6249421411623,16.16,187.85906500118278,52.548104996366035,141.4555441643843,46.40352083679849,41
Los Angeles Rams,DST,LAR,164.96,7.67,11.0,,,9.802083333333334,16.0,156.83333333333334,30.0,113.56666666666666,43.26666666666668,42
Davante Adams,WR,LAR,50.83,7.61,11.0,33.700205338809035,00-0031381,13.45006801178188,15.16,203.9030310586133,66.48649379991197,161.78053356376364,42.122497494849654,43
Ka'imi Fairbairn,K,HOU,192.36,6.93,8.0,32.602327173169066,00-0032726,11.166666666666666,16.0,178.66666666666666,24.0,136.66666666666666,42.0,44
Jared Goff,QB,DET,105.55,10.76,6.0,31.89596167008898,00-0033106,21.185408232767532,16.52,349.9829440053196,106.25240274292972,308.62175610452914,41.36118790079047,45
Tee Higgins,WR,CIN,36.7,6.79,6.0,27.633127994524298,00-0036410,14.548196364081416,13.96,203.09282124257658,64.35932201777466,161.78053356376364,41.312287678812936,46
Omarion Hampton,RB,LAC,25.4,7.4,7.0,23.477070499657767,00-0040666,16.86169889402582,11.82,199.3052809273852,69.38571996201576,161.23689076876227,38.06839015862295,47
Rashee Rice,WR,KC,27.1,10.14,5.0,26.37371663244353,00-0039067,17.278675841890003,11.559999999999999,199.74149273224842,62.269147674109085,161.78053356376364,37.96095916848478,48
Sam LaPorta,TE,DET,86.19,13.68,6.0,25.648186173853524,00-0039065,12.467770042025926,14.360000000000001,179.0371778034923,50.09857088729052,141.4555441643843,37.58163363910802,49
Josh Jacobs,RB,GB,147.99,66.57,11.0,28.566735112936342,00-0035700,12.999266479482213,15.24,198.10882114730893,77.14028807355484,161.23689076876227,36.871930378546665,50
Seattle Seahawks,DST,SEA,167.18,5.83,11.0,,,9.398958333333333,16.0,150.38333333333333,30.0,113.56666666666666,36.81666666666666,51
Jameson Williams,WR,DET,52.92,9.35,6.0,25.44832306639288,00-0037240,13.248843454157345,14.959999999999999,198.20269807419388,65.5768602943135,161.78053356376364,36.422164510430235,52
Wan'Dale Robinson,WR,TEN,85.64,12.2,9.0,25.66735112936345,00-0038117,12.520568584791638,15.76,197.32416089631622,67.19658965900386,161.78053356376364,35.543627332552575,53
Jaylen Waddle,WR,DEN,33.99,8.09,10.0,27.78097193702943,00-0036613,12.919329152776044,15.16,195.85702995608483,65.77116294214751,161.78053356376364,34.07649639232119,54
Cameron Dicker,K,LAC,194.55,14.61,7.0,26.33538672142368,00-0037224,10.645833333333334,16.0,170.33333333333334,24.0,136.66666666666666,33.666666666666686,55
Courtland Sutton,WR,DEN,86.25,15.44,10.0,30.90759753593429,00-0034348,12.240584551346274,15.959999999999999,195.35972943948653,67.50392478450806,161.78053356376364,33.57919587572289,56
Philadelphia Eagles,DST,PHI,175.18,8.83,10.0,,,9.119791666666666,16.0,145.91666666666666,30.0,113.56666666666666,32.349999999999994,57
Rico Dowdle,RB,PIT,87.26,12.33,9.0,28.229979466119097,00-0036139,12.044040285967817,16.04,193.1864061869238,79.41643741274035,161.23689076876227,31.949515418161525,58
Cam Skattebo,RB,NYG,57.0,8.64,8.0,24.583162217659137,00-0040715,15.8034659847856,12.151111111111112,192.02967112179482,68.88411043428538,161.23689076876227,30.792780353032555,59
DJ Moore,WR,BUF,52.35,11.91,7.0,29.39630390143737,00-0034827,11.715460701384899,16.36,191.66493707465693,68.20268155500112,161.78053356376364,29.884403510893293,60
DK Metcalf,WR,PIT,79.37,12.98,9.0,28.72826830937714,00-0035640,12.434241106609246,15.36,190.989943397518,65.78473159225997,161.78053356376364,29.209409833754364,61
Minnesota Vikings,DST,MIN,186.53,12.28,6.0,,,8.858333333333334,16.0,141.73333333333335,30.0,113.56666666666666,28.166666666666686,62
Jaylen Warren,RB,PIT,74.43,8.34,9.0,27.8466803559206,00-0037228,11.935766008225912,15.84,189.06253357029843,78.46922806408318,161.23689076876227,27.825642801536162,63
Carnell Tate,WR,TEN,68.19,16.74,9.0,21.6290212183436,00-0041438,12.2893570333329,15.4,189.25609831332667,65.73077397185314,161.78053356376364,27.475564749563034,64
Tony Pollard,RB,TEN,84.99,10.61,9.0,29.352498288843258,00-0035261,11.521394998774323,16.240000000000002,187.10745478009503,79.73310010762285,161.23689076876227,25.87056401133276,65
Jordan Addison,WR,MIN,107.99,15.61,6.0,24.607802874743328,00-0038994,12.156527303521003,15.36,186.7242593820826,65.43290874589988,161.78053356376364,24.943725818318967,66
Cam Little,K,JAC,198.39,6.59,7.0,23.055441478439427,00-0039409,10.083333333333334,16.0,161.33333333333334,24.0,136.66666666666666,24.666666666666686,67
Michael Pittman Jr.,WR,PIT,81.63,13.08,9.0,28.919917864476385,00-0036252,11.658853646005923,15.959999999999999,186.0753041902545,66.80415629743064,161.78053356376364,24.294770626490873,68
Alec Pierce,WR,IND,100.28,19.94,13.0,26.34633812457221,00-0037664,11.762962927014676,15.76,185.3842957297513,66.26473902128411,161.78053356376364,23.60376216598766,69
Pittsburgh Steelers,DST,PIT,186.75,7.15,9.0,,,8.534375,16.0,136.55,30.0,113.56666666666666,22.98333333333335,70
Terry McLaurin,WR,WAS,47.68,6.1,7.0,30.976043805612598,00-0035659,12.349278492907896,14.959999999999999,184.7452062539021,64.37904094250618,161.78053356376364,22.964672690138457,71
Bucky Irving,RB,TB,56.3,8.44,10.0,24.04928131416838,00-0039361,15.80529577128722,11.64,183.97364277778325,67.03485134663013,161.23689076876227,22.73675200902099,72
Jason Myers,K,SEA,200.45,7.81,11.0,35.32101300479124,00-0031492,9.895833333333334,16.0,158.33333333333334,24.0,136.66666666666666,21.666666666666686,73
David Montgomery,RB,HOU,60.31,8.63,8.0,29.24845995893224,00-0035685,11.969343368639676,15.24,182.41279293806866,76.00516814909663,161.23689076876227,21.175902169306397,74
Chuba Hubbard,RB,CAR,99.84,17.33,5.0,27.23887748117728,00-0036555,11.654462715604513,15.639999999999999,182.27579687205457,77.34479550713448,161.23689076876227,21.038906103292305,75
Tucker Kraft,TE,GB,78.75,14.69,11.0,25.83983572895277,00-0038996,12.5274413332914,12.96,162.35563967945654,47.42701522072869,141.4555441643843,20.900095515072252,76
Jadarian Price,RB,SEA,67.49,10.42,11.0,22.910335386721425,00-0041512,11.667134240689027,15.6,182.00729415474882,77.19031846415808,161.23689076876227,20.770403385986555,77
Justin Herbert,QB,LAC,71.81,13.51,7.0,28.49281314168378,00-0036355,21.20639111262232,15.52,329.1231900678984,101.61877839447484,308.62175610452914,20.501433963369266,78
New England Patriots,DST,NE,187.17,20.09,11.0,,,8.377083333333333,16.0,134.03333333333333,30.0,113.56666666666666,20.46666666666667,79
Matthew Stafford,QB,LAR,105.93,10.19,11.0,38.57905544147844,00-0026498,20.669619927184467,15.92,329.0603492407767,102.73679939746812,308.62175610452914,20.43859313624756,80
Michael Wilson,WR,ARI,88.1,15.54,14.0,26.535249828884325,00-0038559,11.835244771685606,15.36,181.7893596930909,65.03351858054899,161.78053356376364,20.008826129327247,81
Eddy Pineiro,K,SF,209.07,12.01,8.0,30.981519507186857,00-0034173,9.770833333333334,16.0,156.33333333333334,24.0,136.66666666666666,19.666666666666686,82
Quentin Johnston,WR,LAC,93.76,15.8,7.0,24.999315537303215,00-0038544,11.92554626422416,15.16,180.79128136563827,64.48983399926703,161.78053356376364,19.01074780187463,83
Jakobi Meyers,WR,JAC,107.87,18.26,7.0,29.82340862422998,00-0034960,11.534960106760199,15.559999999999999,179.48397926118867,65.32959639376591,161.78053356376364,17.703445697425025,84
Baker Mayfield,QB,TB,118.46,8.97,10.0,31.397672826830934,00-0034855,19.748150024924097,16.52,326.2394384117461,104.36411328991738,308.62175610452914,17.617682307216967,85
Tyler Loop,K,BAL,212.52,18.81,13.0,25.089664613278572,00-0040074,9.604166666666666,16.0,153.66666666666666,24.0,136.66666666666666,17.0,86
Makai Lemon,WR,PHI,108.06,20.16,10.0,22.261464750171115,00-0040867,11.606036151849787,15.4,178.73295673848673,64.88571392894109,161.78053356376364,16.952423174723094,87
Jake Ferguson,TE,DAL,119.93,19.24,14.0,27.633127994524298,00-0038041,10.15456267539845,15.56,158.0049952291999,49.09335347793329,141.4555441643843,16.5494510648156,88
Jacksonville Jaguars,DST,JAC,188.99,13.61,7.0,,,8.094791666666666,16.0,129.51666666666665,30.0,113.56666666666666,15.949999999999989,89
KC Concepcion,WR,CLE,108.19,18.14,11.0,21.949349760438057,00-0041547,11.457778429519266,15.4,176.4497878145967,64.70734738041816,161.78053356376364,14.669254250833063,90
Evan McPherson,K,CIN,217.15,18.2,6.0,27.129363449691997,00-0036854,9.4375,16.0,151.0,24.0,136.66666666666666,14.333333333333343,91
Los Angeles Chargers,DST,LAC,191.65,13.22,7.0,,,7.928124999999999,16.0,126.84999999999998,30.0,113.56666666666666,13.283333333333317,92
Patrick Mahomes II,QB,KC,103.11,10.61,5.0,30.97056810403833,00-0033873,20.733627219026022,15.52,321.7858944392839,100.95712303827277,308.62175610452914,13.164138334754739,93
Malik Nabers,WR,NYG,24.25,8.56,8.0,23.110198494182068,00-0039337,17.535455161347162,9.96,174.65313340701775,58.811811140259664,161.78053356376364,12.872599843254108,94
Stefon Diggs,WR,WAS,93.69,28.49,7.0,32.76933607118412,00-0031588,11.984700677621507,14.56,174.49724186616916,62.613139017985254,161.78053356376364,12.716708302405522,95
De'Zhaun Stribling,WR,SF,121.47,34.93,8.0,23.718001368925396,00-0041035,11.309520707188746,15.4,174.1666188907067,64.53079042065112,161.78053356376364,12.38608532694306,96
Mike Evans,WR,SF,59.7,12.13,8.0,33.04312114989733,00-0031408,12.442739884713623,13.96,173.70064879060217,61.30223011693154,161.78053356376364,11.920115226838533,97
Khalil Shakir,WR,BUF,122.63,16.45,7.0,26.590006844626966,00-0037261,11.161262984858224,15.559999999999999,173.66925204439394,64.88929908251471,161.78053356376364,11.888718480630303,98
Dallas Goedert,TE,PHI,119.37,17.06,10.0,31.67419575633128,00-0034351,11.003692425177437,13.760000000000002,151.41080777044155,46.45628431330097,141.4555441643843,9.955263606057258,99
Brock Purdy,QB,SF,96.42,10.36,8.0,26.694045174537987,00-0037834,22.233333627620112,14.32,318.38133754752,97.69722820823603,308.62175610452914,9.75958144299085,100
Hunter Henry,TE,NE,167.1,25.75,11.0,31.74811772758385,00-0033090,9.94655363322689,15.16,150.78975307971965,47.905609030756885,141.4555441643843,9.334208915335353,101
Rhamondre Stevenson,RB,NE,74.02,9.46,11.0,28.53388090349076,00-0036875,11.808986504548333,14.44,170.52176512567792,72.5220616151301,161.23689076876227,9.284874356915651,102
Ladd McConkey,WR,LAC,33.83,8.24,7.0,24.84599589322382,00-0039915,13.604922482172377,12.559999999999999,170.87782637608504,58.703023192016396,161.78053356376364,9.097292812321399,103
Zach Charbonnet,RB,SEA,156.22,28.12,11.0,25.659137577002053,00-0039165,10.614862687696542,16.04,170.26239751065253,78.02600475982152,161.23689076876227,9.025506741890268,104
Kenny Gainwell,RB,TB,98.34,14.32,10.0,27.482546201232037,00-0036919,10.601689969912655,16.04,170.05110711739897,78.01389707144921,161.23689076876227,8.814216348636705,105
Joe Burrow,QB,CIN,44.89,12.93,6.0,29.738535249828885,00-0036442,23.813404863846934,13.32,317.1945527864412,95.91911476956064,308.62175610452914,8.572796681912052,106
Dalton Kincaid,TE,BUF,111.01,12.69,7.0,26.885694729637237,00-0038933,10.544224679573832,14.16,149.30622146276545,46.586250978490824,141.4555441643843,7.850677298381157,107
Baltimore Ravens,DST,BAL,196.77,16.19,13.0,,,7.5843750000000005,16.0,121.35000000000001,30.0,113.56666666666666,7.783333333333346,108
Ashton Jeanty,RB,LV,28.95,8.75,13.0,22.76249144421629,00-0040122,16.931950489342892,9.97111111111111,168.83035965707012,63.216585145377714,161.23689076876227,7.593468888307854,109
Josh Downs,WR,IND,88.0,14.86,13.0,25.06776180698152,00-0038997,10.861158573835038,15.559999999999999,168.99962740887318,64.54412537687759,161.78053356376364,7.2190938451095406,110
Cairo Santos,K,CHI,218.57,17.17,10.0,34.81724845995893,00-0031203,8.9375,16.0,143.0,24.0,136.66666666666666,6.333333333333343,111
Green Bay Packers,DST,GB,207.26,23.65,11.0,,,7.41875,16.0,118.7,30.0,113.56666666666666,5.13333333333334,112
Trevor Lawrence,QB,JAC,76.37,13.23,7.0,26.91854893908282,00-0036971,21.021002112819744,14.92,313.63335152327056,98.59497706086088,308.62175610452914,5.011595418741422,113
Jake Bates,K,DET,220.72,15.54,6.0,27.512662559890487,00-0039172,8.833333333333334,16.0,141.33333333333334,24.0,136.66666666666666,4.666666666666686,114
Rachaad White,RB,WAS,112.32,16.05,7.0,27.64955509924709,00-0037256,10.31919846351304,16.04,165.51994335474916,77.75742226207439,161.23689076876227,4.283052585986894,115
Andy Borregales,K,NE,223.71,18.46,11.0,,,8.75,16.0,140.0,24.0,136.66666666666666,3.333333333333343,116
Dalton Schultz,TE,HOU,162.07,22.67,8.0,30.154688569472963,00-0034383,9.180936580621848,15.76,144.69156051060034,48.24125017951366,141.4555441643843,3.236016346216047,117
Jayden Reed,WR,GB,103.17,16.45,11.0,26.357289527720734,00-0039146,11.85326451449816,13.76,163.1009197194947,59.8666374659415,161.78053356376364,1.3203861557310574,118
Jordan Love,QB,GB,116.43,8.9,11.0,27.84394250513347,00-0036264,19.6761013733612,15.719999999999999,309.308313589238,100.46122936298538,308.62175610452914,0.6865574847088851,119
Chase McLaughlin,K,TB,228.08,21.68,10.0,30.409308692676248,00-0035358,8.5625,16.0,137.0,24.0,136.66666666666666,0.3333333333333428,120
Brian Thomas Jr.,WR,JAC,81.16,14.46,7.0,23.91238877481177,00-0039893,13.089039932343338,12.36,161.78053356376364,57.30280464662471,161.78053356376364,0.0,121
Harrison Mevis,K,LAR,229.98,25.59,11.0,24.44626967830253,00-0039498,8.541666666666666,16.0,136.66666666666666,24.0,136.66666666666666,0.0,122
Dak Prescott,QB,DAL,77.92,12.49,14.0,33.106091718001366,00-0033077,20.966151909275077,14.72,308.62175610452914,97.60163520642327,308.62175610452914,0.0,123
Juwan Johnson,TE,NO,127.67,19.32,8.0,29.97946611909651,00-0036040,9.455584502966865,14.96,141.4555441643843,46.7753055598675,141.4555441643843,0.0,124
Kansas City Chiefs,DST,KC,209.61,17.31,5.0,47.07734428473648,,7.097916666666666,16.0,113.56666666666666,30.0,113.56666666666666,0.0,125
Jonathon Brooks,RB,CAR,88.71,21.45,5.0,23.129363449691997,00-0039344,11.402891850690402,14.139999999999999,161.23689076876227,70.83943069149935,161.23689076876227,0.0,126
MarShawn Lloyd,RB,GB,106.21,47.96,11.0,25.66735112936345,00-0039811,10.631622495681816,15.091111111111111,160.44299637372268,74.01968273792467,161.23689076876227,-0.7938943950395867,127
Detroit Lions,DST,DET,220.28,28.13,6.0,,,6.9281250000000005,16.0,110.85000000000001,30.0,113.56666666666666,-2.7166666666666544,128
Harrison Butker,K,KC,243.9,23.5,5.0,31.148528405201915,00-0033303,8.354166666666666,16.0,133.66666666666666,24.0,136.66666666666666,-3.0,129
Mark Andrews,TE,BAL,133.61,23.71,13.0,31.000684462696785,00-0034753,9.288004708781454,14.76,137.09094950161426,46.09379966220557,141.4555441643843,-4.364594662770031,130
Chris Boswell,K,PIT,244.39,19.98,9.0,35.47707049965777,00-0031136,8.1875,16.0,131.0,24.0,136.66666666666666,-5.666666666666657,131
Deebo Samuel Sr.,WR,SF,140.72,30.3,8.0,30.64202600958248,00-0035719,10.232980943387261,15.16,155.13199110175088,62.49325201489384,161.78053356376364,-6.648542462012756,132
Romeo Doubs,WR,NE,126.88,15.13,11.0,26.39835728952772,00-0037816,10.084977324065832,15.36,154.90525169765118,63.00795728317173,161.78053356376364,-6.875281866112459,133
Will Reichard,K,MIN,251.58,27.7,6.0,25.65639972621492,00-0039404,8.083333333333334,16.0,129.33333333333334,24.0,136.66666666666666,-7.333333333333314,134
Christian Watson,WR,GB,55.73,9.5,11.0,27.32101300479124,00-0038124,12.077698842224095,12.76,154.11143722677946,57.02062484808982,161.78053356376364,-7.6690963369841825,135
Cleveland Browns,DST,CLE,220.74,30.63,11.0,,,6.605208333333333,16.0,105.68333333333332,30.0,113.56666666666666,-7.88333333333334,136
Jerry Jeudy,WR,CLE,170.19,28.08,11.0,27.370294318959616,00-0036407,9.494990119659253,16.16,153.43904033369353,65.13631336572254,161.78053356376364,-8.341493230070114,137
Parker Washington,WR,JAC,58.52,14.49,7.0,24.46269678302533,00-0038606,12.024182645450583,12.76,153.42857055594945,56.94411587414636,161.78053356376364,-8.351963007814192,138
Chris Godwin Jr.,WR,TB,74.37,15.04,10.0,30.5242984257358,00-0033921,11.97860930386313,12.76,152.84705471729356,56.879149550754285,161.78053356376364,-8.93347884647008,139
Wil Lutz,K,DEN,265.87,29.55,10.0,32.167008898015055,00-0032569,7.979166666666667,16.0,127.66666666666667,24.0,136.66666666666666,-8.999999999999986,140
Chig Okonkwo,TE,WAS,163.01,22.77,7.0,26.99520876112252,00-0037809,8.273597725953053,15.96,132.04661970621072,47.592504742205506,141.4555441643843,-9.408924458173573,141
Buffalo Bills,DST,BUF,227.03,23.74,7.0,,,6.496875,16.0,103.95,30.0,113.56666666666666,-9.61666666666666,142
Daniel Carlson,K,NO,266.18,62.45,8.0,31.61943874058864,00-0034161,7.916666666666667,16.0,126.66666666666667,24.0,136.66666666666666,-9.999999999999986,143
Nick Folk,K,ATL,266.63,61.17,11.0,41.83436002737851,00-0025565,7.833333333333333,16.0,125.33333333333333,24.0,136.66666666666666,-11.333333333333329,144
Cade Otton,TE,TB,239.02,24.66,10.0,27.394934976043807,00-0038129,8.666720058498875,14.96,129.65413207514317,45.730602097384796,141.4555441643843,-11.801412089241126,145
Harold Fannin Jr.,TE,CLE,76.23,12.06,11.0,22.130047912388772,00-0040663,13.114970271366705,9.797777777777778,128.4975642810129,42.91816639759501,141.4555441643843,-12.957979883371394,146
Tennessee Titans,DST,TEN,235.78,57.42,9.0,,,6.216666666666666,16.0,99.46666666666665,30.0,113.56666666666666,-14.100000000000009,147
Marvin Harrison Jr.,WR,ARI,69.24,13.21,14.0,24.07118412046544,00-0039849,12.252590096895677,11.96,146.5409775588723,54.817652210196044,161.78053356376364,-15.239556004891341,148
Spencer Shrader,K,IND,267.56,37.03,13.0,27.301848049281315,00-0039576,7.583333333333333,16.0,121.33333333333333,24.0,136.66666666666666,-15.333333333333329,149
Rome Odunze,WR,CHI,58.87,9.6,10.0,24.26009582477755,00-0039919,12.182243071043807,11.96,145.69962712968393,54.71156284768226,161.78053356376364,-16.080906434079708,150
Trey Smack,K,GB,269.91,47.24,11.0,23.15400410677618,00-0040899,7.5,16.0,120.0,24.0,136.66666666666666,-16.666666666666657,151
Keenan Allen,WR,IND,192.19,53.81,13.0,34.36002737850787,00-0030279,9.565336691479779,15.16,145.01050424283343,61.774196008887536,161.78053356376364,-16.770029320930206,152
Alvin Kamara,RB,NO,168.28,34.47,8.0,31.11841204654346,00-0033906,10.425768731947887,13.84,144.29263925015874,68.55845799526081,161.23689076876227,-16.944251518603522,153
Colston Loveland,TE,CHI,36.28,11.7,10.0,22.409308692676248,00-0040126,12.679819146366704,9.797777777777778,124.23405025851288,42.024879501124374,141.4555441643843,-17.221493905871412,154
Jordyn Tyson,WR,NO,138.63,30.35,8.0,22.067077344284737,00-0041029,9.38327794034032,15.4,144.50248028124093,62.40812191664141,161.78053356376364,-17.278053282522706,155
Aaron Jones Sr.,RB,MIN,117.76,16.04,6.0,31.761806981519506,00-0033293,10.062191728127418,14.24,143.28561020853445,69.87444262422068,161.23689076876227,-17.951280560227815,156
Jauan Jennings,WR,MIN,175.56,33.36,6.0,29.15811088295688,00-0036259,9.875830231225859,14.56,143.7920881666485,60.072974216951536,161.78053356376364,-17.98844539711513,157
Kenyon Sadiq,TE,NYJ,223.91,28.43,13.0,21.508555783709788,00-0041032,8.28218278671025,14.9,123.40452352198272,45.106020945948686,141.4555441643843,-18.051020642401568,158
Drake Maye,QB,NE,37.1,12.33,11.0,24.019164955509925,00-0039851,23.56446787303689,12.32,290.31424419581447,91.35172920039479,308.62175610452914,-18.307511908714673,159
Dallas Cowboys,DST,DAL,247.62,54.29,14.0,,,5.952083333333333,16.0,95.23333333333333,30.0,113.56666666666666,-18.33333333333333,160
Pat Freiermuth,TE,PIT,233.5,31.87,9.0,27.86584531143053,00-0036894,8.44405481283431,14.56,122.94543807486755,44.51947723335637,141.4555441643843,-18.51010608951674,161
Jonah Coleman,RB,DEN,149.36,19.28,10.0,23.04722792607803,00-0041496,9.132143212523278,15.6,142.46143411536315,74.8459593302222,161.23689076876227,-18.775456653399118,162
Mike Washington Jr.,RB,LV,152.53,26.25,13.0,23.17864476386037,WAS569019,9.132143212523278,15.6,142.46143411536315,74.8459593302222,161.23689076876227,-18.775456653399118,163
Quinshon Judkins,RB,CLE,60.62,8.49,11.0,22.855578370978783,00-0040784,13.545487050940249,10.497777777777777,142.19751295253718,59.34484724077487,161.23689076876227,-19.039377816225084,164
Tyjae Spears,RB,TEN,140.39,15.58,9.0,25.22655715263518,00-0039032,9.696516370351471,14.64,141.95699966194553,71.22324177479244,161.23689076876227,-19.279891106816734,165
Denzel Boston,WR,CLE,153.85,29.81,11.0,22.751540041067763,00-0041037,9.189520242920533,15.4,141.5186117409762,62.21291660350375,161.78053356376364,-20.26192182278743,166
David Njoku,TE,LAC,254.16,28.98,7.0,30.15742642026009,00-0033885,8.92588692214318,13.56,121.03502666426152,42.89050123074985,141.4555441643843,-20.42051750012277,167
Evan Engram,TE,DEN,255.13,26.31,10.0,32.01095140314853,00-0033881,8.39188797792506,14.360000000000001,120.50751136300389,43.99001505430673,141.4555441643843,-20.948032801380407,168
Tyler Allgeier,RB,ARI,136.5,13.57,14.0,26.392881587953458,00-0037263,8.491146001719635,16.439999999999998,139.59444026827077,77.99187286157597,161.23689076876227,-21.642450500491492,169
Isaiah Likely,TE,NYG,118.57,26.71,8.0,26.38466803559206,00-0037838,8.704650708194519,13.760000000000002,119.77599374475659,43.03357646853557,141.4555441643843,-21.679550419627702,170
New Orleans Saints,DST,NO,261.57,33.67,8.0,,,5.736458333333332,16.0,91.78333333333332,30.0,113.56666666666666,-21.783333333333346,171
Tre Tucker,WR,LV,159.03,26.97,13.0,25.49760438056126,00-0038563,8.994066204139541,15.559999999999999,139.94767013641123,62.57268189217119,161.78053356376364,-21.832863427352407,172
Tetairoa McMillan,WR,CAR,35.88,7.26,5.0,23.42231348391513,00-0040124,14.152464087882175,9.884444444444444,139.88924502866647,52.08931812903413,161.78053356376364,-21.891288535097175,173
San Francisco 49ers,DST,SF,264.07,31.0,8.0,,,5.711458333333333,16.0,91.38333333333333,30.0,113.56666666666666,-22.183333333333337,174
Tyler Warren,TE,IND,53.36,10.12,13.0,24.28747433264887,00-0040128,12.323957998536295,9.66777777777778,119.14528727251592,41.08571422872764,141.4555441643843,-22.310256891868377,175
Tyler Bass,K,BUF,275.3,46.95,7.0,29.557837097878167,00-0036162,7.145833333333333,16.0,114.33333333333333,24.0,136.66666666666666,-22.33333333333333,176
Cincinnati Bengals,DST,CIN,268.0,59.79,6.0,,,5.532291666666667,16.0,88.51666666666667,30.0,113.56666666666666,-25.049999999999997,177
T.J. Hockenson,TE,MIN,188.02,27.92,6.0,29.177275838466805,00-0035229,8.330723489115702,13.96,116.2968999080552,42.989006699390295,141.4555441643843,-25.158644256329097,178
J.K. Dobbins,RB,DEN,102.38,15.47,10.0,27.720739219712527,00-0036158,12.29170937143692,11.04,135.70047146066358,59.536509725359636,161.23689076876227,-25.536419308098687,179
Blake Grupe,K,NYJ,279.5,52.84,13.0,27.835728952772072,00-0038905,6.9375,16.0,111.0,24.0,136.66666666666666,-25.666666666666657,180
Ryan Fitzgerald,K,CAR,282.57,78.42,5.0,26.06433949349761,00-0040279,6.875,16.0,110.0,24.0,136.66666666666666,-26.666666666666657,181
Colby Parkinson,TE,LAR,266.14,18.64,11.0,27.66050650239562,00-0036244,7.858768581284313,14.56,114.4236705434996,43.78905300405418,141.4555441643843,-27.031873620884696,182
Tyreek Hill,WR,FA,283.42,50.67,,32.51745379876797,00-0033040,9.85477382799267,13.56,133.6307331075806,56.69852735052306,161.78053356376364,-28.149800456183044,183
Chicago Bears,DST,CHI,268.72,48.42,10.0,,,5.315625,16.0,85.05,30.0,113.56666666666666,-28.516666666666666,184
Charlie Smyth,K,NO,284.75,39.63,8.0,25.196440793976727,00-0039229,6.75,16.0,108.0,24.0,136.66666666666666,-28.666666666666657,185
Atlanta Falcons,DST,ATL,271.34,35.49,11.0,53.1088295687885,,5.304166666666666,16.0,84.86666666666666,30.0,113.56666666666666,-28.700000000000003,186
Tyrone Tracy Jr.,RB,NYG,173.85,41.6,8.0,26.78713210130048,00-0039384,10.448980536104294,12.64,132.0751139763583,63.60577817375299,161.23689076876227,-29.16177679240397,187
Rashid Shaheed,WR,SEA,146.98,17.44,11.0,28.016427104722798,00-0037545,9.478291403652491,13.96,132.3169479949888,57.607926071540334,161.78053356376364,-29.463585568774846,188
New York Giants,DST,NYG,271.9,54.33,8.0,52.03285420944559,,5.227083333333334,16.0,83.63333333333334,30.0,113.56666666666666,-29.933333333333323,189
Emmett Johnson,RB,KC,183.79,37.82,5.0,22.90759753593429,00-0041013,8.393064618562644,15.6,130.93180804957723,74.25872802407571,161.23689076876227,-30.305082719185037,190
Kaelon Black,RB,SF,227.97,52.39,8.0,24.8870636550308,00-0041052,8.393064618562644,15.6,130.93180804957723,74.25872802407571,161.23689076876227,-30.305082719185037,191
Kaytron Allen,RB,WAS,235.83,31.33,7.0,23.66050650239562,00-0041096,8.393064618562644,15.6,130.93180804957723,74.25872802407571,161.23689076876227,-30.305082719185037,192
Nicholas Singleton,RB,TEN,218.92,39.72,9.0,22.666666666666668,00-0040886,8.393064618562644,15.6,130.93180804957723,74.25872802407571,161.23689076876227,-30.305082719185037,193
Bo Nix,QB,DEN,98.53,9.53,10.0,26.529774127310063,00-0039732,21.1899330392214,13.120000000000001,278.0119214745848,90.78763821422608,308.62175610452914,-30.609834629944316,194
Eli Stowers,TE,PHI,288.95,33.68,10.0,23.394934976043807,00-0041483,7.423293794917836,14.9,110.60707754427575,44.08362191989106,141.4555441643843,-30.84846662010854,195
Emeka Egbuka,WR,TB,40.74,8.3,10.0,23.89596167008898,00-0040129,13.23278502013126,9.884444444444444,130.7987283767641,50.42858449577959,161.78053356376364,-30.981805186999537,196
Zane Gonzalez,K,FA,290.18,60.89,,31.3347022587269,00-0033862,6.583333333333333,16.0,105.33333333333333,24.0,136.66666666666666,-31.33333333333333,197
Omar Cooper Jr.,WR,NYJ,181.61,34.85,13.0,22.729637234770703,00-0041511,8.445011109702389,15.4,130.0531710894168,61.49548342331052,161.78053356376364,-31.727362474346847,198
Washington Commanders,DST,WAS,276.5,88.48,7.0,,,5.101041666666666,16.0,81.61666666666666,30.0,113.56666666666666,-31.950000000000003,199
Jordan Mason,RB,MIN,113.61,18.14,6.0,27.28815879534565,00-0037525,9.342498496082605,13.64,127.43167948656674,66.6462305332365,161.23689076876227,-33.80521128219553,200
Indianapolis Colts,DST,IND,280.47,35.41,13.0,,,4.955208333333332,16.0,79.28333333333332,30.0,113.56666666666666,-34.283333333333346,201
Brenton Strange,TE,JAC,160.94,25.18,7.0,25.69199178644764,00-0038935,8.771324981891697,12.16,106.65931177980303,39.576838666833815,141.4555441643843,-34.79623238458126,202
TreVeyon Henderson,RB,NE,70.95,9.66,11.0,23.874058863791923,00-0040734,12.620129949422868,9.97111111111111,125.83671796235645,55.990671987341734,161.23689076876227,-35.40017280640582,203
Jonnu Smith,TE,GB,358.18,39.24,11.0,31.041752224503764,00-0033858,6.691756154116733,15.76,105.46207698887972,45.388662080312926,141.4555441643843,-35.99346717550458,204
Las Vegas Raiders,DST,LV,281.5,55.31,13.0,,,4.8218749999999995,16.0,77.14999999999999,30.0,113.56666666666666,-36.41666666666667,205
James Conner,RB,ARI,219.9,42.06,14.0,31.34017796030116,00-0033553,9.871440803747081,12.64,124.77501175936311,62.9790494239404,161.23689076876227,-36.461879009399155,206
Brandon McManus,K,FA,290.2,74.79,,35.11841204654346,00-0029822,6.229166666666667,16.0,99.66666666666667,24.0,136.66666666666666,-36.999999999999986,207
Mike Gesicki,TE,CIN,277.84,21.71,6.0,30.92676249144421,00-0034829,7.165390282848431,14.56,104.32808251827316,42.97742855501527,141.4555441643843,-37.12746164611113,208
C.J. Stroud,QB,HOU,143.15,13.02,8.0,24.92539356605065,00-0039163,17.38186622012497,15.52,269.7665637363395,96.58531714225312,308.62175610452914,-38.85519236818965,209
Najee Harris,RB,NYG,235.92,48.4,8.0,28.49555099247091,00-0036893,8.946034912293012,13.64,122.02391620367669,66.2774853084159,161.23689076876227,-39.212974565085574,210
Caleb Williams,QB,CHI,65.14,11.8,10.0,24.79945242984257,00-0039918,20.50525451403793,13.120000000000001,269.02893922417763,89.71851608087262,308.62175610452914,-39.592816880351506,211
Malachi Fields,WR,NYG,222.55,37.74,8.0,23.03080082135524,00-0041042,7.894259673904032,15.4,121.5715989781221,60.99886944855147,161.78053356376364,-40.20893458564154,212
Cyrus Allen,WR,KC,219.45,57.45,5.0,23.567419575633128,00-0040890,7.894259673904032,15.4,121.5715989781221,60.99886944855147,161.78053356376364,-40.20893458564154,213
Caleb Douglas,WR,MIA,205.67,49.17,6.0,22.99247091033539,00-0041523,7.894259673904032,15.4,121.5715989781221,60.99886944855147,161.78053356376364,-40.20893458564154,214
Ja'Kobi Lane,WR,BAL,209.7,49.9,13.0,22.086242299794662,00-0040870,7.894259673904032,15.4,121.5715989781221,60.99886944855147,161.78053356376364,-40.20893458564154,215
RJ Harvey,RB,DEN,94.71,16.6,10.0,25.58521560574949,00-0040730,12.13196084937153,9.97111111111111,120.96912962473345,55.25642838421745,161.23689076876227,-40.26776114402881,216
Calvin Ridley,WR,TEN,209.81,31.11,9.0,31.71252566735113,00-0034837,8.42741232961944,14.36,121.01764105333515,57.87121380268717,161.78053356376364,-40.762892510428486,217
Luther Burden III,WR,CHI,46.7,8.12,10.0,22.73511293634497,00-0040735,11.856171958438292,10.2,120.93295397607056,48.96675704306418,161.78053356376364,-40.847579587693076,218
Ben Sauls,K,FA,290.4,93.59,,25.100616016427104,00-0040530,5.958333333333333,16.0,95.33333333333333,24.0,136.66666666666666,-41.33333333333333,219
Xavier Worthy,WR,KC,129.83,14.24,5.0,23.362080766598226,00-0039894,9.896878757718092,12.16,120.346045693852,52.14757137259614,161.78053356376364,-41.434487869911635,220
Elijah Sarratt,WR,BAL,268.32,28.27,13.0,23.277207392197127,00-0040876,7.808465658507805,15.4,120.2503711410202,60.92417420823238,161.78053356376364,-41.530162422743444,221
Chris Bell,WR,MIA,227.67,36.86,6.0,22.24777549623545,00-0041525,7.808465658507805,15.4,120.2503711410202,60.92417420823238,161.78053356376364,-41.530162422743444,222
Antonio Williams,WR,WAS,237.78,41.4,7.0,22.14647501711157,00-0041040,7.808465658507805,15.4,120.2503711410202,60.92417420823238,161.78053356376364,-41.530162422743444,223
Ted Hurst III,WR,TB,242.11,37.04,10.0,22.17932922655715,00-0041048,7.808465658507805,15.4,120.2503711410202,60.92417420823238,161.78053356376364,-41.530162422743444,224
Zachariah Branch,WR,ATL,233.38,34.99,11.0,22.439425051334705,00-0041044,7.808465658507805,15.4,120.2503711410202,60.92417420823238,161.78053356376364,-41.530162422743444,225
Germie Bernard,WR,PIT,236.65,31.92,9.0,22.76249144421629,00-0041489,7.808465658507805,15.4,120.2503711410202,60.92417420823238,161.78053356376364,-41.530162422743444,226
AJ Barner,TE,SEA,211.33,22.21,11.0,24.34496919917865,00-0039793,8.207724108155837,12.16,99.80592515517498,38.75096086809556,141.4555441643843,-41.64961900920932,227
Brian Robinson Jr.,RB,ATL,182.38,25.04,11.0,27.460643394934976,00-0037746,7.831187941772485,15.24,119.34730423261267,72.26954334265916,161.23689076876227,-41.889586536149594,228
Zach Ertz,TE,FA,372.6,28.22,,35.82203969883641,00-0030061,7.4418869748882,13.360000000000001,99.42360998450636,40.46357846718197,141.4555441643843,-42.031934179877936,229
DeMario Douglas,WR,NE,271.61,54.05,11.0,25.744010951403148,00-0038621,7.625823080099398,15.36,117.13264251032675,60.626565239563774,161.78053356376364,-44.647891053436894,230
Cooper Kupp,WR,SEA,225.03,28.89,11.0,33.22655715263518,00-0033908,8.205693691879643,14.16,116.19262267701575,56.963042464769075,161.78053356376364,-45.58791088674789,231
Cole Kmet,TE,CHI,324.18,24.41,10.0,27.49349760438056,00-0036290,6.3093422718606815,14.96,94.3877603870358,43.042204036359244,141.4555441643843,-47.067783777348495,232
Sam Darnold,QB,SEA,138.31,12.86,11.0,29.253935660506503,00-0034869,17.290581126788286,15.12,261.4335866370389,94.53350497546275,308.62175610452914,-47.18816946749024,233
Tank Bigsby,RB,PHI,170.74,25.53,10.0,25.018480492813143,00-0038555,8.091305014891113,14.04,113.60192240907121,67.25683481896434,161.23689076876227,-47.63496835969106,234
Marvin Mims Jr.,WR,DEN,271.92,25.88,10.0,24.468172484599588,00-0038976,7.431088103213522,15.36,114.14151326535969,60.46287594655581,161.78053356376364,-47.63902029840395,235
Kayshon Boutte,WR,HOU,169.75,26.05,8.0,24.33401779603012,00-0038608,9.085953874877566,12.559999999999999,114.11958066846222,52.46788419861126,161.78053356376364,-47.66095289530142,236
Carolina Panthers,DST,CAR,294.18,57.09,5.0,,,4.110416666666667,16.0,65.76666666666667,30.0,113.56666666666666,-47.8,237
Darnell Mooney,WR,NYG,226.23,24.31,8.0,28.854209445585216,00-0036309,7.504961056778724,15.16,113.77520962076545,59.8188415783443,161.78053356376364,-48.00532394299819,238
Darius Slayton,WR,NYG,272.71,23.95,8.0,29.648186173853524,00-0035535,7.284651743561498,15.559999999999999,113.3491811298169,61.05104001054217,161.78053356376364,-48.43135243394674,239
Jake Tonges,TE,SF,292.55,32.95,8.0,27.16495550992471,00-0037112,8.122076600293548,11.33,92.0231278813259,36.79988500192635,141.4555441643843,-49.43241628305839,240
Justice Hill,RB,BAL,233.86,43.07,13.0,28.810403832991103,00-0034975,7.843726386188715,14.24,111.6946637393273,67.92573738194247,161.23689076876227,-49.54222702943497,241
Joey Slye,K,TEN,295.14,72.38,9.0,30.40657084188912,00-0035192,5.416666666666667,16.0,86.66666666666667,24.0,136.66666666666666,-49.999999999999986,242
Troy Franklin,WR,DEN,218.75,35.54,10.0,23.581108829568787,00-0039868,8.723361565672548,12.76,111.3100935779817,52.72267972321648,161.78053356376364,-50.47043998578194,243
Isiah Pacheco,RB,DET,192.34,43.37,6.0,27.515400410677618,00-0037197,8.43357905898959,13.04,109.97387092922425,63.25419316401861,161.23689076876227,-51.26301983953802,244
Tampa Bay Buccaneers,DST,TB,303.05,58.49,10.0,,,3.8656249999999996,16.0,61.849999999999994,30.0,113.56666666666666,-51.71666666666667,245
Kareem Hunt,RB,FA,317.31,25.22,,31.08555783709788,00-0033923,7.174314581791188,15.24,109.33655422649771,71.80707139618683,161.23689076876227,-51.900336542264554,246
Oronde Gadsden II,TE,LAC,224.17,38.1,7.0,23.200547570157426,00-0040189,8.965673043638008,9.95,89.20844678419817,35.26886942514348,141.4555441643843,-52.24709738018612,247
Darren Waller,TE,CAR,268.11,31.25,5.0,33.97946611909651,00-0031610,8.938363832097284,9.96,89.02610376768897,35.24197260945856,141.4555441643843,-52.42944039669533,248
Rashod Bateman,WR,BAL,227.62,27.43,13.0,26.770704996577688,00-0036550,7.307017397111721,14.959999999999999,109.31298026079135,58.94626877550306,161.78053356376364,-52.46755330297229,249
Dontayvion Wicks,WR,PHI,182.79,32.6,10.0,25.22381930184805,00-0038393,7.1838914043317725,15.16,108.90779368966967,59.55176461898008,161.78053356376364,-52.872739874093966,250
Theo Johnson,TE,NYG,285.13,27.18,8.0,25.52498288843258,00-0039847,7.70552496750123,10.96,84.45255364381349,35.37383454656204,141.4555441643843,-57.002990520570805,251
Mason Taylor,TE,NYJ,276.24,24.22,13.0,22.32991101984942,00-0040736,8.147180769230772,10.321111111111112,84.08795796153849,34.6761613446117,141.4555441643843,-57.3675862028458,252
Bhayshul Tuten,RB,JAC,65.97,9.9,7.0,23.55920602327173,00-0040719,10.046653429857491,10.3,103.48053032753216,53.65305659647129,161.23689076876227,-57.7563604412301,253
Chris Rodriguez Jr.,RB,JAC,141.1,17.66,7.0,25.94387405886379,00-0038611,9.006646536242807,11.44,103.03603637461771,57.07696341925335,161.23689076876227,-58.20085439414456,254
Blake Corum,RB,LAR,109.75,15.19,11.0,25.779603011635867,00-0039738,8.180740844060185,12.440000000000001,101.76841610010872,60.46648794433062,161.23689076876227,-59.46847466865354,255
Eli Raridon,TE,NE,315.54,34.37,11.0,22.56536618754278,00-0041395,5.492254585132739,14.9,81.83459331847781,42.12800033816799,141.4555441643843,-59.62095084590648,256
Oscar Delp,TE,NO,313.96,32.59,8.0,23.091033538672143,00-0041041,5.492254585132739,14.9,81.83459331847781,42.12800033816799,141.4555441643843,-59.62095084590648,257
Travis Hunter,WR,JAC,197.59,38.48,7.0,23.30458590006845,00-0040718,8.261146210804887,12.351111111111111,102.03433475478569,50.830686867675624,161.78053356376364,-59.74619880897795,258
Terrance Ferguson,TE,LAR,205.53,43.49,11.0,23.50171115674196,00-0040737,7.578769923563222,10.78111111111111,81.70756063148215,34.795012253645055,141.4555441643843,-59.74798353290214,259
Jayden Daniels,QB,WAS,56.6,16.35,7.0,25.71663244353183,00-0039910,22.374247933594702,11.120000000000001,248.8016370215731,84.40763425908357,308.62175610452914,-59.82011908295604,260
Woody Marks,RB,HOU,135.81,13.9,8.0,25.68651608487337,00-0040583,9.958084119092808,10.124444444444444,100.82006943685963,52.843558544539334,161.23689076876227,-60.41682133190264,261
Tory Horton,WR,SEA,263.77,24.98,11.0,23.770020533880903,00-0040648,8.133609322406668,12.351111111111111,100.45911247541392,50.691458840301934,161.78053356376364,-61.32142108834972,262
Greg Dulcich,TE,MIA,215.31,39.45,6.0,26.4476386036961,00-0037252,7.881125208836327,10.124444444444444,79.79201433657401,33.84018303055629,141.4555441643843,-61.66352982781028,263
Chad Ryland,K,ARI,296.33,75.99,14.0,26.89390828199863,00-0038567,4.6875,16.0,75.0,24.0,136.66666666666666,-61.66666666666666,264
Kyle Monangai,RB,CHI,120.02,14.09,10.0,24.251882272416157,00-0040236,9.914667647193394,9.97111111111111,98.8602527399039,52.180629766079115,161.23689076876227,-62.376638028858366,265
Mack Hollins,WR,NE,282.35,29.03,11.0,32.9719370294319,00-0033555,7.114411270013903,13.96,99.3171813293941,55.25870594955848,161.78053356376364,-62.46335223436954,266
Dawson Knox,TE,BUF,329.24,30.21,7.0,29.80971937029432,00-0035689,5.559745304435353,13.96,77.61404444991753,39.84797409690097,141.4555441643843,-63.841499714466764,267
Jacory Croskey-Merritt,RB,WAS,114.54,15.84,7.0,25.40177960301164,00-0040242,9.670180147715296,9.97111111111111,96.42244071733006,51.869543564995595,161.23689076876227,-64.8144500514322,268
Keon Coleman,WR,BUF,246.62,29.66,7.0,23.307323750855577,00-0039901,8.681603677578241,11.16,96.88669704177317,47.352859649257624,161.78053356376364,-64.89383652199047,269
Jalen Coker,WR,CAR,124.94,15.22,5.0,24.851471594798085,00-0039491,9.157262520510908,10.559999999999999,96.70069221659519,46.025432685398876,161.78053356376364,-65.07984134716845,270
Joe Mixon,RB,FA,318.14,26.75,,30.119096509240247,00-0033897,7.7031047797776235,12.440000000000001,95.82662346043365,60.04090346720354,161.23689076876227,-65.41026730832861,271
Noah Fant,TE,NO,349.73,25.02,8.0,28.79397672826831,00-0035644,5.367554143930481,14.16,76.00456667805561,40.16786442890699,141.4555441643843,-65.45097748632868,272
Max Klare,TE,LAR,332.08,28.82,11.0,23.16495550992471,00-0041510,5.097326051770256,14.9,75.95015817137683,41.79111424998928,141.4555441643843,-65.50538599300747,273
Kyler Murray,QB,MIN,113.74,9.41,6.0,29.08145106091718,00-0035228,19.731246072597006,12.32,243.0889516143951,84.98961585901571,308.62175610452914,-65.53280449013403,274
Devin Singletary,RB,NYG,291.66,25.87,8.0,29.00752908966461,00-0035250,5.957250145285621,16.04,95.55429233038136,74.60748494637852,161.23689076876227,-65.68259843838091,275
Austin Hooper,TE,ATL,362.83,26.85,11.0,31.854893908282,00-0032392,4.979795280196139,15.16,75.49369644777347,42.353169136923,141.4555441643843,-65.96184771661082,276
Tank Dell,WR,HOU,226.41,33.76,8.0,26.855578370978783,00-0038977,8.724800127067159,10.96,95.62380939265607,46.75281228438727,161.78053356376364,-66.15672417110757,277
Jake Elliott,K,PHI,303.27,37.81,10.0,31.6249144421629,00-0033787,4.375,16.0,70.0,24.0,136.66666666666666,-66.66666666666666,278
Kimani Vidal,RB,LAC,200.45,36.2,7.0,25.02395619438741,00-0039391,9.000786962973924,10.440000000000001,93.96821589344778,52.95371342824984,161.23689076876227,-67.26867487531449,279
Gunnar Helm,TE,TEN,220.35,29.76,9.0,24.0,00-0040584,7.537291404853765,9.797777777777778,73.84870623111168,32.60787062184403,141.4555441643843,-67.60683793327262,280
Arizona Cardinals,DST,ARI,304.0,65.67,14.0,,,2.8708333333333336,16.0,45.93333333333334,30.0,113.56666666666666,-67.63333333333333,281
Andrei Iosivas,WR,CIN,283.65,36.25,6.0,26.89390828199863,00-0038619,6.547879239679097,14.36,94.02754588179182,56.20326207786308,161.78053356376364,-67.75298768197182,282
Sean Tucker,RB,TB,213.05,35.32,10.0,24.865160848733744,00-0038951,7.873289641315486,11.84,93.21974935317535,57.630165077727035,161.23689076876227,-68.01714141558692,283
Noah Gray,TE,KC,330.02,25.0,5.0,27.353867214236825,00-0036637,4.905827762325936,14.96,73.39118332439601,41.78785120279804,141.4555441643843,-68.06436083998828,284
Nate Boerkircher,TE,JAC,356.5,12.38,7.0,25.00479123887748,00-0041503,4.905693322538167,14.9,73.09483050581869,41.63578924854936,141.4555441643843,-68.3607136585656,285
Matt Hibner,TE,BAL,350.89,26.58,13.0,,,4.905693322538167,14.9,73.09483050581869,41.63578924854936,141.4555441643843,-68.3607136585656,286
Tommy Myers,TE,FA,355.2,42.69,,,,4.905693322538167,14.9,73.09483050581869,41.63578924854936,141.4555441643843,-68.3607136585656,287
Will Kacmarek,TE,MIA,357.33,20.76,6.0,23.564681724846,00-0041524,4.905693322538167,14.9,73.09483050581869,41.63578924854936,141.4555441643843,-68.3607136585656,288
Justin Joly,TE,MIA,352.09,20.14,6.0,22.16016427104723,00-0041077,4.905693322538167,14.9,73.09483050581869,41.63578924854936,141.4555441643843,-68.3607136585656,289
Taysom Hill,TE,FA,412.5,24.5,,36.03832991101985,00-0033357,5.461265387148176,13.360000000000001,72.96250557229963,38.269319963269695,141.4555441643843,-68.49303859208466,290
Jerome Ford,RB,WAS,295.87,25.76,7.0,26.98425735797399,00-0037267,6.111834103889365,15.04,91.92198492249604,70.25279462716784,161.23689076876227,-69.31490584626623,291
Jalen Nailor,WR,LV,194.41,32.3,13.0,27.515400410677618,00-0037291,7.081785748667543,12.96,91.77994330273137,51.7286996252236,161.78053356376364,-70.00059026103227,292
Tyler Higbee,TE,LAR,325.16,23.9,11.0,33.67830253251198,00-0033110,6.282857787016191,11.36,71.37326446050392,34.35039491897933,141.4555441643843,-70.08227970388037,293
Tyler Conklin,TE,DET,372.5,5.5,6.0,31.1047227926078,00-0034270,5.185133818632963,13.760000000000002,71.34744134438958,39.00543378207462,141.4555441643843,-70.10810281999471,294
Adonai Mitchell,WR,NYJ,169.01,26.15,13.0,23.91238877481177,00-0039890,7.171852761442587,12.76,91.5128412360074,51.11720628100725,161.78053356376364,-70.26769232775624,295
Tanner Koziol,TE,JAC,370.17,9.97,7.0,23.60574948665298,00-0041084,4.761933290033053,14.9,70.95280602149249,41.5228102918502,141.4555441643843,-70.5027381428918,296
Sam Roush,TE,CHI,378.0,4.0,10.0,23.000684462696785,00-0041558,4.761933290033053,14.9,70.95280602149249,41.5228102918502,141.4555441643843,-70.5027381428918,297
Marlin Klein,TE,HOU,369.18,25.64,8.0,23.969883641341543,00-0041472,4.761933290033053,14.9,70.95280602149249,41.5228102918502,141.4555441643843,-70.5027381428918,298
Brandon Aiyuk,WR,SF,279.1,56.29,8.0,28.47364818617385,00-0036261,8.474387728285652,10.76,91.18441195635361,45.78507664355923,161.78053356376364,-70.59612160741003,299
Jalen McMillan,WR,TB,175.82,26.1,10.0,24.747433264887064,00-0039855,9.17978737215983,9.884444444444444,90.73709829192649,43.920115626865005,161.78053356376364,-71.04343527183715,300
Christian Kirk,WR,SF,273.41,33.36,8.0,29.79876796714579,00-0034775,7.3405534928614955,12.36,90.72924117176808,49.897115675872016,161.78053356376364,-71.05129239199556,301
Michael Mayer,TE,LV,297.21,30.5,13.0,25.169062286105408,00-0039066,5.397426175733728,12.96,69.95064323750913,37.220462543875925,141.4555441643843,-71.50490092687517,302
Michael Trigg,TE,DAL,413.0,23.0,14.0,24.194387405886378,00-0040939,4.691684057362744,14.9,69.90609245470489,41.468715861818,141.4555441643843,-71.5494517096794,303
Ray Davis,RB,BUF,190.37,33.25,7.0,26.819986310746064,00-0039875,7.421405659442133,12.04,89.35372413968328,58.08089027264577,161.23689076876227,-71.88316662907899,304
Xavier Legette,WR,CAR,269.99,28.59,5.0,25.60164271047228,00-0039342,7.3603327046291405,12.16,89.50164568829035,49.22863911885391,161.78053356376364,-72.27888787547329,305
Bryce Lance,WR,NO,285.32,43.11,8.0,24.046543463381244,00-0041067,5.7780067636551,15.4,88.98130416028853,59.373970830720985,161.78053356376364,-72.79922940347511,306
Skyler Bell,WR,BUF,289.88,29.69,7.0,24.17248459958932,00-0041443,5.7780067636551,15.4,88.98130416028853,59.373970830720985,161.78053356376364,-72.79922940347511,307
Fernando Mendoza,QB,LV,261.28,39.51,13.0,22.93223819301848,00-0041562,14.91197141100046,15.8,235.60914829380727,95.15676636798072,308.62175610452914,-73.01260781072187,308
Tua Tagovailoa,QB,ATL,281.77,31.68,11.0,28.51471594798084,00-0036212,15.962256866078333,14.72,234.96442106867306,90.97761612170642,308.62175610452914,-73.65733503585608,309
Bryce Young,QB,CAR,169.51,27.8,5.0,25.117043121149894,00-0039150,15.113606172380045,15.52,234.5631677953383,93.97050696238962,308.62175610452914,-74.05858830919084,310
New York Jets,DST,NYJ,319.2,79.74,13.0,,,2.4166666666666665,16.0,38.666666666666664,30.0,113.56666666666666,-74.9,311
Charlie Kolar,TE,LAC,283.6,36.28,7.0,27.57015742642026,00-0038046,6.1780123471456285,10.760000000000002,66.47541285528698,32.82088605927072,141.4555441643843,-74.98013130909732,312
Matthew Golden,WR,GB,124.75,20.24,11.0,23.09924709103354,00-0040667,8.336914129233413,10.391111111111112,86.62980104065655,44.40828740368799,161.78053356376364,-75.1507325231071,313
Dylan Sampson,RB,CLE,148.97,19.74,11.0,21.976728268309376,00-0040162,8.335511988531485,10.3,85.8557734818743,51.63349846127063,161.23689076876227,-75.38111728688797,314
Malik Washington,WR,MIA,189.21,35.27,6.0,25.67008898015058,00-0039880,7.17507732145233,11.96,85.81392476456986,48.354317308025564,161.78053356376364,-75.96660879919378,315
Tommy Tremble,TE,CAR,350.79,27.62,5.0,26.261464750171115,00-0037005,4.821063003137752,13.56,65.37361432254792,38.18555155927843,141.4555441643843,-76.08192984183637,316
Geno Smith,QB,NYJ,227.97,33.24,13.0,35.90691307323751,00-0030565,14.765224140088293,15.719999999999999,232.10932348218796,94.59963881966797,308.62175610452914,-76.51243262234118,317
Emanuel Wilson,RB,SEA,237.18,38.88,11.0,27.33196440793977,00-0038797,6.117577057615654,13.84,84.66726647740066,64.94970429199543,161.23689076876227,-76.5696242913616,318
Darnell Washington,TE,PIT,298.26,29.42,9.0,25.05407255304586,00-0038558,5.069775977120278,12.760000000000002,64.69034146805475,36.4112891688462,141.4555441643843,-76.76520269632954,319
Keaton Mitchell,RB,LAC,152.54,27.63,7.0,24.635181382614647,00-0038454,8.090339759747799,10.440000000000001,84.46314709176703,51.95099924558078,161.23689076876227,-76.77374367699524,320
Lew Nichols III,RB,PIT,321.5,10.5,9.0,25.05681040383299,00-0038409,5.413014092868675,15.6,84.44301984875133,72.36182196303835,161.23689076876227,-76.79387092001093,321
Jordan James,RB,SF,264.32,40.04,8.0,22.439425051334705,00-0040177,5.413014092868675,15.6,84.44301984875133,72.36182196303835,161.23689076876227,-76.79387092001093,322
Max Bredeson,RB,MIN,319.33,35.31,6.0,23.923340177960306,00-0041081,5.413014092868675,15.6,84.44301984875133,72.36182196303835,161.23689076876227,-76.79387092001093,323
Demond Claiborne,RB,MIN,253.21,31.84,6.0,22.910335386721425,00-0041104,5.413014092868675,15.6,84.44301984875133,72.36182196303835,161.23689076876227,-76.79387092001093,324
Eli Heidenreich,RB,PIT,315.83,30.56,9.0,23.19233401779603,00-0041490,5.413014092868675,15.6,84.44301984875133,72.36182196303835,161.23689076876227,-76.79387092001093,325
Antonio Williams,RB,FA,292.8,42.93,,28.87337440109514,00-0036188,5.413014092868675,15.6,84.44301984875133,72.36182196303835,161.23689076876227,-76.79387092001093,326
Seth McGowan,RB,IND,266.32,40.28,13.0,24.870636550308006,00-0041125,5.413014092868675,15.6,84.44301984875133,72.36182196303835,161.23689076876227,-76.79387092001093,327
Adam Randall,RB,BAL,292.06,24.3,13.0,22.14647501711157,00-0040888,5.413014092868675,15.6,84.44301984875133,72.36182196303835,161.23689076876227,-76.79387092001093,328
Jarquez Hunter,RB,FA,315.09,22.42,,23.68788501026694,00-0040692,5.413014092868675,15.6,84.44301984875133,72.36182196303835,161.23689076876227,-76.79387092001093,329
Jalen Tolbert,WR,MIA,294.16,45.95,6.0,27.52361396303901,00-0037666,5.899318730988249,14.36,84.71421697699125,55.715660307591904,161.78053356376364,-77.06631658677239,330
Jelani Woods,TE,NYJ,371.5,0.5,13.0,27.90965092402464,00-0037755,4.58819630978057,13.951111111111112,64.01043651733872,38.98021611130956,141.4555441643843,-77.44510764704557,331
DeAndre Hopkins,WR,BAL,389.0,45.11,13.0,34.25051334702259,00-0030564,5.186713044326719,16.16,83.81728279631979,61.76690121367849,161.78053356376364,-77.96325076744385,332
Hollywood Brown,WR,PHI,291.83,20.61,10.0,29.256673511293634,00-0035662,6.78116434065868,12.36,83.81519125054129,49.35910545167468,161.78053356376364,-77.96534231322235,333
Pat Bryant,WR,DEN,184.61,27.51,10.0,23.73990417522245,00-0040134,7.692702892902961,10.84,83.38889935906809,45.109697008045934,161.78053356376364,-78.39163420469555,334
Erick All Jr.,TE,CIN,317.64,38.93,6.0,25.97946611909651,00-0039814,5.41876139684602,11.637777777777778,63.06234096729468,34.01173203236369,141.4555441643843,-78.3932031970896,335
Barion Brown,WR,NO,316.0,47.84,8.0,22.73511293634497,00-0041099,5.401371763487999,15.4,83.18112515771519,59.13379005635662,161.78053356376364,-78.59940840604845,336
Malik Benson,WR,LV,317.06,42.61,13.0,23.887748117727583,00-0040894,5.401371763487999,15.4,83.18112515771519,59.13379005635662,161.78053356376364,-78.59940840604845,337
Chris Brazzell II,WR,CAR,299.1,39.88,5.0,22.87200547570157,00-0041047,5.401371763487999,15.4,83.18112515771519,59.13379005635662,161.78053356376364,-78.59940840604845,338
Dohnte Meyers,WR,CIN,298.2,53.19,6.0,26.168377823408623,00-0040785,5.401371763487999,15.4,83.18112515771519,59.13379005635662,161.78053356376364,-78.59940840604845,339
Samaje Perine,RB,CIN,259.0,45.75,6.0,30.973305954825463,00-0033526,5.14758373259146,15.84,81.53772632424874,73.30414097170849,161.23689076876227,-79.69916444451353,340
Ryan Flournoy,WR,DAL,185.74,29.71,14.0,26.86105407255305,00-0039410,8.050579750135833,10.16,81.79389026138007,43.29313398447713,161.78053356376364,-79.98664330238357,341
Josh Oliver,TE,MIN,363.4,16.49,6.0,29.462012320328544,00-0035249,4.730066553786851,12.96,61.30166253707759,36.60155948969921,141.4555441643843,-80.1538816273067,342
Dominic Zvada,K,NYG,342.0,17.68,8.0,22.86652977412731,00-0041145,3.5,16.0,56.0,24.0,136.66666666666666,-80.66666666666666,343
Drew Stevens,K,WAS,304.0,46.91,7.0,22.74332648870637,00-0041182,3.5,16.0,56.0,24.0,136.66666666666666,-80.66666666666666,344
Jason Sanders,K,FA,362.25,27.67,,30.806297056810404,00-0034794,3.5,16.0,56.0,24.0,136.66666666666666,-80.66666666666666,345
Jacob Saylors,RB,DET,286.24,67.18,6.0,25.49760438056126,00-0038896,5.326877395320267,15.091111111111111,80.38849864804429,70.0474153674998,161.23689076876227,-80.84839212071797,346
Josh Williams,RB,TB,321.25,29.34,10.0,25.24298425735797,00-0040429,5.3216607418380635,15.091111111111111,80.3097735507162,70.04473487328099,161.23689076876227,-80.92711721804606,347
Devaughn Vele,WR,NO,245.27,37.46,8.0,28.733744010951405,00-0039424,7.644190023995714,10.559999999999999,80.72264665339473,44.11903194122895,161.78053356376364,-81.05788691036891,348
Tyquan Thornton,WR,KC,265.74,30.2,5.0,26.0807665982204,00-0038104,7.357859873026038,10.96,80.64214420836538,45.13550019174426,161.78053356376364,-81.13838935539826,349
Adam Trautman,TE,DEN,369.6,22.06,10.0,29.582477754962355,00-0036422,4.3035552497523195,13.96,60.077631286542385,38.78277223722738,141.4555441643843,-81.37791287784191,350
Tyler Lockett,WR,LV,366.33,33.21,13.0,33.93839835728953,00-0032211,4.910422725634466,16.36,80.33451579137986,62.34405295558133,161.78053356376364,-81.44601777238378,351
Elic Ayomanor,WR,TEN,254.04,29.51,9.0,23.260780287474333,00-0040170,8.00088095217162,10.03111111111111,80.25772581800598,42.80999498834125,161.78053356376364,-81.52280774575766,352
Braelon Allen,RB,NYJ,177.59,28.87,13.0,22.628336755646817,00-0039794,7.594404283205467,10.440000000000001,79.28558071666508,51.442422615749365,161.23689076876227,-81.95131005209718,353
Tanner Hudson,TE,CIN,379.5,4.5,6.0,31.81656399726215,00-0034613,4.889620249802531,12.16,59.457782237598785,34.7542591632451,141.4555441643843,-81.9977619267855,354
Jaleel McLaughlin,RB,CLE,303.86,24.65,11.0,25.97946611909651,00-0038794,5.461023475781866,14.44,78.85717899029015,67.21870855085326,161.23689076876227,-82.37971177847211,355
Daniel Bellinger,TE,TEN,367.05,17.47,9.0,25.95482546201232,00-0038115,4.754374360953104,12.36,58.76406710138036,35.124637116605726,141.4555441643843,-82.69147706300393,356
Olamide Zaccheaus,WR,ATL,315.45,29.8,11.0,29.12251882272416,00-0035208,5.575029143345773,14.16,78.94241266977615,54.769714111872865,161.78053356376364,-82.8381208939875,357
Ja'Tavion Sanders,TE,CAR,336.64,31.8,5.0,23.44695414099932,00-0039356,5.24297263810819,11.16,58.5115746412874,32.665867186522235,141.4555441643843,-82.94396952309688,358
Elijah Higgins,TE,ARI,367.33,23.31,14.0,25.859000684462696,00-0039041,4.311422937328409,13.56,58.46289503017323,37.77133053140921,141.4555441643843,-82.99264913421106,359
Joshua Palmer,WR,BUF,312.54,35.08,7.0,26.95687885010267,00-0036988,5.783216849999138,13.56,78.42042048598832,52.766535285790845,161.78053356376364,-83.36011307777532,360
Ty Johnson,RB,BUF,265.44,30.76,7.0,28.969199178644764,00-0035537,5.334137293176323,14.44,77.0249425134661,67.14979689975385,161.23689076876227,-84.21194825529616,361
Michael Carter,RB,TEN,325.71,27.42,9.0,27.3347022587269,00-0036924,6.187681354053071,12.440000000000001,76.9747560444202,58.84393963396436,161.23689076876227,-84.26213472434206,362
Chris Blair,WR,ATL,314.33,38.42,11.0,28.91718001368925,00-0036463,5.319939897070504,14.417777777777777,76.70171122709651,55.52861106673323,161.78053356376364,-85.07882233666713,363
Chimere Dike,WR,TEN,252.17,32.43,9.0,24.72826830937714,00-0040705,7.724682855375453,9.884444444444444,76.35419853491113,41.98446885265217,161.78053356376364,-85.4263350288525,364
Brenen Thompson,WR,LAC,318.05,31.44,7.0,23.11841204654346,00-0041550,4.948403483180412,15.4,76.20541364097835,58.865214141619326,161.78053356376364,-85.57511992278529,365
Jahan Dotson,WR,ATL,284.48,45.19,11.0,26.458590006844627,00-0037741,4.956495507430441,15.16,75.1404718926455,57.99665922098103,161.78053356376364,-86.64006167111815,366
Isaac TeSlaa,WR,DET,219.56,25.73,6.0,24.542094455852155,00-0040669,7.22438098141553,10.391111111111112,75.06934548688672,43.07045139403113,161.78053356376364,-86.71118807687692,367
Xavier Hutchinson,WR,HOU,287.55,44.52,8.0,26.26420260095825,00-0038618,5.217428489469608,14.36,74.92227310878357,55.25388031377388,161.78053356376364,-86.85826045498007,368
Kendrick Bourne,WR,ARI,302.0,43.74,14.0,31.091033538672143,00-0033307,5.777443647653184,12.96,74.87566967358528,50.62088506859815,161.78053356376364,-86.90486389017836,369
Jaylin Noel,WR,HOU,200.36,25.47,8.0,24.005475701574262,00-0040138,7.148006646184951,10.391111111111112,74.27573128346852,42.984223338367244,161.78053356376364,-87.50480228029512,370
Jack Bech,WR,LV,244.66,28.55,13.0,23.718001368925396,00-0040729,6.824717833831386,10.84,73.97994131873222,44.15543739084885,161.78053356376364,-87.80059224503142,371
Drew Sample,TE,CIN,361.0,6.0,6.0,30.390143737166323,00-0035631,4.076394926092118,13.16,53.64535722737227,36.574894689825896,141.4555441643843,-87.81018693701202,372
Luke Musgrave,TE,GB,359.94,17.76,11.0,26.00958247775496,00-0039144,4.400810091285727,12.16,53.51385071003445,34.30976004734865,141.4555441643843,-87.94169345434985,373
Elijah Moore,WR,PHI,338.25,31.4,10.0,26.444900752908968,00-0036980,5.036578269380653,14.56,73.33257960218232,55.865261953435066,161.78053356376364,-88.44795396158132,374
KaVontae Turpin,WR,DAL,323.38,49.19,14.0,30.094455852156056,00-0037801,5.022001047466805,14.56,73.12033525111669,55.85638996928035,161.78053356376364,-88.66019831264695,375
Kyle Williams,WR,NE,275.04,29.35,11.0,23.813826146475016,00-0040131,6.836706086461982,10.604444444444445,72.49946987688129,43.36508667049907,161.78053356376364,-89.28106368688235,376
Kalif Raymond,WR,CHI,315.83,41.27,10.0,32.07939767282683,00-0032464,5.166273605673991,13.96,72.12117953520892,53.775414470818376,161.78053356376364,-89.65935402855472,377
Jaydon Blue,RB,PHI,272.35,47.87,10.0,22.6611909650924,00-0040586,5.330314608001378,13.277777777777779,70.77473285068497,61.983100975217894,161.23689076876227,-90.4621579180773,378
Emari Demercado,RB,DAL,293.96,32.78,14.0,27.627652292950035,00-0038705,5.311164706235894,13.239999999999998,70.31982071056323,61.80443208078638,161.23689076876227,-90.91707005819903,379
John Bates,TE,WAS,340.0,39.0,7.0,28.83230663928816,00-0036628,4.013554707333001,12.56,50.4102471241025,35.0013664411546,141.4555441643843,-91.0452970402818,380
Luke Schoonmaker,TE,DAL,381.0,10.02,14.0,27.939767282683093,00-0038547,3.8860688191592665,12.96,50.3634518963041,35.92374487191662,141.4555441643843,-91.0920922680802,381
Cedric Tillman,WR,NO,317.74,32.34,8.0,26.38193018480493,00-0038979,5.618168827688524,12.559999999999999,70.56420047576785,49.07322580838291,161.78053356376364,-91.21633308799579,382
Bam Knight,RB,ARI,310.5,31.04,14.0,25.404517453798768,00-0037157,6.388392081152706,10.959999999999999,70.01677720943366,52.56142620654364,161.23689076876227,-91.22011355932861,383
Elijah Arroyo,TE,SEA,310.25,25.9,11.0,23.42231348391513,00-0040739,4.858255542298426,10.321111111111112,50.14259525823343,30.220598114682147,141.4555441643843,-91.31294890615087,384
Greg Dortch,WR,BUF,357.88,21.04,7.0,28.27378507871321,00-0035500,5.0386327756377085,13.76,69.33158699277487,52.97033849159979,161.78053356376364,-92.44894657098877,385
Sione Vaki,RB,DET,320.1,39.71,6.0,25.10335386721424,00-0039364,5.178544387419388,13.277777777777779,68.75956158851298,61.896066653810315,161.23689076876227,-92.47732918024928,386
Ben Sinnott,TE,WAS,355.95,14.99,7.0,24.229979466119097,00-0039912,4.642832388717678,10.54,48.93545337708432,30.524704075003694,141.4555441643843,-92.52009078729998,387
Kaden Wetjen,WR,PIT,327.5,22.5,9.0,24.49555099247091,00-0041397,4.488137946295539,15.4,69.1173243729513,58.61529346374418,161.78053356376364,-92.66320919081234,388
Devin Neal,RB,FA,276.42,38.66,,23.069130732375086,00-0040202,5.79373810256134,11.82,68.48198437227504,55.85079760504088,161.23689076876227,-92.75490639648723,389
Reggie Virgil,WR,ARI,341.25,36.85,14.0,22.313483915126625,00-0041070,4.479760473845778,15.4,68.98831129722498,58.610961094188596,161.78053356376364,-92.79222226653866,390
Isaiah Williams,WR,FA,338.33,42.28,,39.60027378507871,00-0026864,4.479760473845778,15.4,68.98831129722498,58.610961094188596,161.78053356376364,-92.79222226653866,391
CJ Daniels,WR,LAR,347.32,29.56,11.0,24.670773442847366,00-0041399,4.479760473845778,15.4,68.98831129722498,58.610961094188596,161.78053356376364,-92.79222226653866,392
Josh Cameron,WR,JAC,349.0,22.15,7.0,23.471594798083505,00-0041100,4.479760473845778,15.4,68.98831129722498,58.610961094188596,161.78053356376364,-92.79222226653866,393
Kevin Coleman Jr.,WR,MIA,330.81,39.58,6.0,22.989733059548254,00-0041529,4.479760473845778,15.4,68.98831129722498,58.610961094188596,161.78053356376364,-92.79222226653866,394
Zavion Thomas,WR,CHI,331.31,34.83,10.0,22.55989048596852,00-0041051,4.479760473845778,15.4,68.98831129722498,58.610961094188596,161.78053356376364,-92.79222226653866,395
Colbie Young,WR,CIN,337.79,30.75,6.0,24.12046543463381,00-0041069,4.479760473845778,15.4,68.98831129722498,58.610961094188596,161.78053356376364,-92.79222226653866,396
Kendrick Law,WR,DET,365.0,13.0,6.0,23.23340177960301,00-0041446,4.479760473845778,15.4,68.98831129722498,58.610961094188596,161.78053356376364,-92.79222226653866,397
Juice Wells Jr.,WR,FA,360.5,94.5,,25.429158110882955,00-0040438,4.479760473845778,15.4,68.98831129722498,58.610961094188596,161.78053356376364,-92.79222226653866,398
Deion Burks,WR,IND,367.56,41.09,13.0,23.66050650239562,00-0041132,4.473240852157936,15.4,68.88790912323222,58.60759488288837,161.78053356376364,-92.89262444053142,399
Miami Dolphins,DST,MIA,329.71,53.8,6.0,,,1.2729166666666665,16.0,20.366666666666664,30.0,113.56666666666666,-93.2,400
Tutu Atwell,WR,LAR,345.96,40.04,11.0,26.915811088295687,00-0036849,5.04973400568608,13.56,68.47439311710325,52.25508347415123,161.78053356376364,-93.3061404466604,401
DJ Giddens,RB,IND,278.91,23.7,13.0,23.03080082135524,00-0040179,5.078996411800146,13.277777777777779,67.43778569001306,61.840280670807964,161.23689076876227,-93.79910507874921,402
Tre' Harris,WR,LAC,182.09,30.34,7.0,24.520191649555095,00-0040727,6.774894070989016,10.03111111111111,67.95971519209871,41.355034809064634,161.78053356376364,-93.82081837166493,403
Mitchell Evans,TE,CAR,365.15,24.35,5.0,23.471594798083505,00-0040187,4.599572124654749,10.321111111111112,47.47269496213107,29.945711681019922,141.4555441643843,-93.98284920225322,404
Jackson Hawes,TE,BUF,371.33,12.96,7.0,25.749486652977414,00-0040194,4.580320236083137,10.321111111111112,47.27399408108474,29.92575732529644,141.4555441643843,-94.18155008329956,405
George Holani,RB,SEA,241.81,34.84,11.0,26.72416153319644,00-0039299,5.2057368185697435,12.88,67.0498902231783,60.14667704679684,161.23689076876227,-94.18700054558397,406
Jaxson Dart,QB,NYG,98.35,13.68,8.0,23.318275154004105,00-0040691,20.191514415437762,10.604444444444447,214.11979286770892,78.47148691990986,308.62175610452914,-94.50196323682022,407
Theo Wease Jr.,WR,LAC,341.33,70.92,7.0,25.19917864476386,00-0040311,4.8077980216540235,13.96,67.11686038229017,53.55021086908116,161.78053356376364,-94.66367318147347,408
Roschon Johnson,RB,CHI,313.63,39.65,10.0,25.59616700889801,00-0039021,5.523453567381104,12.04,66.50238095126849,56.63307558081639,161.23689076876227,-94.73450981749377,409
Jahdae Walker,WR,CHI,332.25,30.78,10.0,24.17248459958932,00-0040277,4.794349215622196,13.96,66.92911505008585,53.54205931035002,161.78053356376364,-94.85141851367779,410
Brandin Cooks,WR,FA,322.5,40.5,,32.94729637234771,00-0031236,4.773538091665634,13.96,66.63859175965224,53.529487894141674,161.78053356376364,-95.1419418041114,411
Jalen Royals,WR,KC,323.19,28.62,5.0,23.548254620123203,00-0040646,4.45403601292266,14.897777777777778,66.35523873474114,56.76257118337707,161.78053356376364,-95.4252948290225,412
Demarcus Robinson,WR,SF,330.17,47.5,8.0,31.958932238193015,00-0032775,4.707546124822164,13.96,65.71734390251741,53.489966428640976,161.78053356376364,-96.06318966124623,413
John Metchie III,WR,CAR,335.59,36.37,5.0,26.13552361396304,00-0037614,4.891443384360066,13.36,65.34968361505048,51.43004172762281,161.78053356376364,-96.43084994871316,414
Xavier Restrepo,WR,TEN,332.0,14.76,9.0,24.40246406570842,00-0040522,4.456891319011491,14.417777777777777,64.25846861721456,55.01260379508264,161.78053356376364,-97.52206494654908,415
Isaiah Williams,WR,NYJ,307.29,25.84,13.0,25.60164271047228,00-0039451,5.635620103798448,11.377777777777778,64.12083318099567,44.89740747785505,161.78053356376364,-97.65970038276797,416
Malik Davis,RB,DAL,237.71,49.86,14.0,27.7782340862423,00-0037563,5.346866082008209,11.82,63.199957089337026,55.54869435762433,161.23689076876227,-98.03693367942523,417
Daniel Jones,QB,IND,146.36,20.49,13.0,29.27857631759069,00-0035710,17.355071703188514,12.120000000000001,210.3434690426448,80.49632012360708,308.62175610452914,-98.27828706188433,418
Jordan Watkins,WR,SF,327.33,12.66,8.0,24.555783709787818,00-0040172,4.399835781796237,14.417777777777777,63.4358545606533,54.981547605840014,161.78053356376364,-98.34467900311034,419
Tahj Brooks,RB,CIN,304.38,22.53,6.0,24.317590691307323,00-0040208,4.868089245044004,12.88,62.700989476166775,59.95522726158696,161.23689076876227,-98.5359012925955,420
Nick Westbrook-Ikhine,WR,FA,357.93,30.64,,29.462012320328544,00-0036182,4.794989749913226,13.16,63.102065108858056,50.64523036519811,161.78053356376364,-98.67846845490558,421
Cade Stover,TE,HOU,361.5,14.5,8.0,26.2340862422998,00-0039359,4.332288691397061,9.760000000000002,42.28313762803532,28.29984554067217,141.4555441643843,-99.17240653634897,422
Zavier Scott,RB,CHI,305.25,29.25,10.0,27.14031485284052,00-0038440,5.247824400321863,11.82,62.029284411804426,55.484809352934676,161.23689076876227,-99.20760635695784,423
Jacob Cowing,WR,SF,349.0,64.93,8.0,25.58521560574949,00-0039365,4.48048148688824,13.96,62.547521556959836,53.35797299069179,161.78053356376364,-99.2330120068038,424
Dyami Brown,WR,WAS,374.09,31.98,7.0,26.847364818617383,00-0036626,4.474062685695088,13.96,62.45791509230344,53.354331915871434,161.78053356376364,-99.3226184714602,425
Antonio Gibson,RB,FA,368.33,40.47,,28.205338809034902,00-0036328,4.461547092574899,13.84,61.747811761236605,64.03150243922612,161.23689076876227,-99.48907900752566,426
Isaac Guerendo,RB,SF,303.0,27.47,8.0,26.190280629705683,00-0039363,5.712718745052868,10.717777777777778,61.22765001642218,50.97769679020019,161.23689076876227,-100.00924075234008,427
Kyle Juszczyk,RB,SF,290.8,33.04,8.0,35.37303216974675,00-0029892,4.314289579426599,14.04,60.57262569514944,64.85934353142966,161.23689076876227,-100.66426507361282,428
Roman Wilson,WR,PIT,301.1,41.85,9.0,25.21560574948665,00-0039739,5.206807703075386,11.68,60.8155139719205,45.62127279031135,161.78053356376364,-100.96501959184315,429
Tai Felton,WR,MIN,357.88,45.26,6.0,23.479808350444905,00-0040154,4.330081157139136,13.96,60.447932953662345,53.273966698128476,161.78053356376364,-101.3326006101013,430
Phil Mafah,RB,FA,350.3,28.82,,23.86858316221766,00-0040021,3.928809975128965,15.091111111111111,59.29010786911289,69.4202095423928,161.23689076876227,-101.94678289964938,431
Isaiah Davis,RB,NYJ,262.01,23.09,13.0,24.539356605065024,00-0039798,5.349295376167282,11.04,59.05622095288679,52.12188561924094,161.23689076876227,-102.18066981587548,432
Austin Ekeler,RB,FA,354.9,26.85,,31.307323750855577,00-0033699,4.985039924979429,11.84,59.022872711756435,55.409228435727194,161.23689076876227,-102.21401805700583,433
Trevor Etienne,RB,CAR,301.12,21.39,5.0,22.16016427104723,00-0040644,4.836282234581001,12.151111111111112,58.76620279708647,56.69945035070184,161.23689076876227,-102.4706879716758,434
Devontez Walker,WR,BAL,345.92,45.91,13.0,25.21560574948665,00-0039792,4.801893164774207,12.351111111111111,59.30871602181121,47.73138822920458,161.78053356376364,-102.47181754195243,435
Marquez Valdes-Scantling,WR,FA,339.6,78.54,,31.906913073237508,00-0034272,4.30789794360903,13.76,59.276675704060246,52.53272381631894,161.78053356376364,-102.5038578597034,436
Jaydn Ott,RB,KC,331.0,30.51,5.0,23.72347707049966,00-0040959,3.7525624401494926,15.6,58.539974066332086,71.64742047067996,161.23689076876227,-102.69691670243017,437
Lan Larison,RB,NE,358.0,0.0,11.0,24.903490759753595,00-0040568,3.7525624401494926,15.6,58.539974066332086,71.64742047067996,161.23689076876227,-102.69691670243017,438
J'Mari Taylor,RB,JAC,332.13,22.93,7.0,24.580424366872005,00-0041217,3.7525624401494926,15.6,58.539974066332086,71.64742047067996,161.23689076876227,-102.69691670243017,439
Jam Miller,RB,FA,350.27,25.77,,22.354551676933607,00-0041129,3.7525624401494926,15.6,58.539974066332086,71.64742047067996,161.23689076876227,-102.69691670243017,440
Tez Johnson,WR,TB,316.19,37.4,10.0,24.303901437371664,00-0040237,5.7718585763762,10.2,58.87295747903724,40.89869351993591,161.78053356376364,-102.9075760847264,441
Brittain Brown,RB,CHI,364.0,6.0,10.0,28.90622861054073,00-0037329,3.8576302987942626,15.091111111111111,58.215927464692975,69.39321908898506,161.23689076876227,-103.02096330406928,442
Audric Estime,RB,NO,310.65,21.48,8.0,23.000684462696785,00-0039373,5.886563895040694,9.84,57.923788727200424,47.31571655544362,161.23689076876227,-103.31310204156185,443
Khalil Herbert,RB,FA,279.2,58.65,,28.37782340862423,00-0036906,5.309584324254577,10.84,57.555894074919614,51.217530976292295,161.23689076876227,-103.68099669384264,444
Konata Mumpfield,WR,LAR,311.95,31.17,11.0,23.86858316221766,00-0040590,4.963917312508137,11.68,57.97855421009504,45.43787869759576,161.78053356376364,-103.8019793536686,445
Trey Benson,RB,ARI,290.52,30.37,14.0,24.123203285420946,00-0039921,5.656556314663712,10.124444444444444,57.26949015468416,48.356944115318775,161.23689076876227,-103.9674006140781,446
Michael Woods II,WR,DEN,344.0,51.0,10.0,26.466803559206024,00-0037300,4.397847540028372,13.111111111111112,57.66066774703866,50.22340363018628,161.78053356376364,-104.11986581672498,447
Jawhar Jordan,RB,HOU,342.43,36.2,8.0,27.05270362765229,00-0039405,4.169507329695205,13.697777777777777,57.11298484498053,63.260674709408896,161.23689076876227,-104.12390592378173,448
Ameer Abdullah,RB,JAC,343.4,31.8,7.0,33.23203285420944,00-0032104,3.9207969782386014,14.44,56.616308365765406,66.48813360942883,161.23689076876227,-104.62058240299686,449
Jaylen Wright,RB,MIA,238.65,26.54,6.0,23.43326488706365,00-0039874,5.267153338052059,10.64,56.04251151687391,50.31166641025815,161.23689076876227,-105.19437925188836,450
Lil'Jordan Humphrey,WR,DEN,394.5,10.5,10.0,28.383299110198493,00-0035406,4.497110337352945,12.559999999999999,56.48370583715298,48.285860361099175,161.78053356376364,-105.29682772661066,451
Kendre Miller,RB,NO,278.05,34.04,8.0,24.23819301848049,00-0038551,5.443224765576335,10.24,55.73862159950167,48.6939878007175,161.23689076876227,-105.4982691692606,452
Taylen Green,QB,CLE,338.33,11.84,11.0,23.88501026694045,00-0041092,12.742219127917906,15.8,201.32706222110292,93.001030330498,308.62175610452914,-107.29469388342622,453
Drew Allar,QB,PIT,332.0,12.0,9.0,22.49691991786448,00-0041565,12.742219127917906,15.8,201.32706222110292,93.001030330498,308.62175610452914,-107.29469388342622,454
Carson Beck,QB,ARI,322.53,21.19,14.0,24.79671457905544,00-0041561,12.742219127917906,15.8,201.32706222110292,93.001030330498,308.62175610452914,-107.29469388342622,455
Aaron Rodgers,QB,PIT,213.2,40.75,9.0,42.76249144421629,00-0023459,15.326486397809056,13.120000000000001,201.08350153925483,82.43177550340069,308.62175610452914,-107.53825456527431,456
Raheim Sanders,RB,CLE,331.7,28.2,11.0,24.246406570841888,00-0040466,3.9156284489328845,13.697777777777777,53.63540835382733,63.15090722220046,161.23689076876227,-107.60148241493494,457
Miles Sanders,RB,FA,345.67,68.12,,29.349760438056126,00-0035243,4.2997597985116105,12.440000000000001,53.48901189348444,57.69544904094517,161.23689076876227,-107.74787887527782,458
Brashard Smith,RB,KC,286.05,27.91,5.0,23.40588637919233,00-0040078,5.153575071352002,10.3,53.08182323492562,48.74289011198014,161.23689076876227,-108.15506753383664,459
Chris Brooks,RB,GB,250.89,42.64,11.0,26.652977412731005,00-0038685,4.359680926202267,11.84,51.618622166234836,55.0515982709063,161.23689076876227,-109.61826860252742,460
Kaleb Johnson,RB,GB,248.63,46.93,11.0,23.06365503080082,00-0040142,4.469327755577614,11.511111111111111,51.446928386426755,53.64912935099408,161.23689076876227,-109.78996238233552,461
Isaiah Bond,WR,CLE,295.52,23.35,11.0,22.477754962354556,00-0040782,5.0609685138762,10.2,51.62187884153724,40.25723184146541,161.78053356376364,-110.1586547222264,462
Damien Martinez,RB,FA,374.17,16.56,,22.598220396988363,00-0040651,3.2479873697498487,15.6,50.66860296809764,71.48058822092476,161.23689076876227,-110.56828780066462,463
Corey Kiner,RB,NE,334.0,33.51,11.0,24.62422997946612,00-0040556,3.663041746417484,13.697777777777777,50.17553183314971,63.04836721837994,161.23689076876227,-111.06135893561256,464
Kalel Mullings,RB,TEN,333.67,37.51,9.0,23.923340177960306,00-0040205,3.5396850521464307,14.139999999999999,50.05114663735053,64.99190805026659,161.23689076876227,-111.18574413141174,465
Tim Patrick,WR,NYJ,351.0,33.18,13.0,32.785763175906915,00-0033375,4.3388709496602935,11.559999999999999,50.157348178072986,44.570094558979434,161.78053356376364,-111.62318538569065,466
Ollie Gordon II,RB,MIA,258.43,26.86,6.0,22.64202600958248,00-0040198,4.897601601293326,10.124444444444444,49.58549532331643,47.79378180888492,161.23689076876227,-111.65139544544584,467
Kevin Austin Jr.,WR,NO,355.0,36.0,8.0,26.43668720054757,00-0037231,4.653451583101174,10.604444444444445,49.347268787908455,41.36362892493157,161.78053356376364,-112.43326477585518,468
Kene Nwangwu,RB,NYJ,349.75,37.14,13.0,28.57221081451061,00-0036842,3.650329713841671,13.277777777777779,48.46826675600885,61.15483907371974,161.23689076876227,-112.7686240127534,469
Tyler Shough,QB,NO,125.2,12.5,8.0,26.94045174537988,00-0040743,17.24565156468173,11.351111111111111,195.7573070942095,76.86450494413575,308.62175610452914,-112.86444901031965,470
Reggie Gilliam,RB,NE,360.2,32.76,11.0,29.045859000684462,00-0036187,3.6106107089320045,13.277777777777779,47.940886635263844,61.138897407405416,161.23689076876227,-113.29600413349843,471
Jeremy McNichols,RB,WAS,334.0,22.52,7.0,30.69678302532512,00-0033955,3.906639685952846,12.24,47.817269756062835,56.610677962540116,161.23689076876227,-113.41962101269942,472
Jimmy Horn Jr.,WR,CAR,372.67,5.19,5.0,23.98357289527721,00-0040218,4.18547203881681,11.377777777777778,47.62137075276015,43.81211045966861,161.78053356376364,-114.15916281100348,473
Luke McCaffrey,WR,WAS,325.41,31.0,7.0,25.429158110882955,00-0039355,4.755816682534423,9.96,47.36793415804286,39.1545427340024,161.78053356376364,-114.41259940572078,474
Dylan Laube,RB,LV,339.78,34.9,13.0,26.729637234770703,00-0039407,3.5007958259644867,13.277777777777779,46.482789022528465,61.09570879730445,161.23689076876227,-114.7541017462338,475
Xavier Smith,WR,LAR,330.67,71.95,11.0,28.95824777549624,00-0038359,4.421877260226214,10.604444444444445,46.8915517462211,41.191539095653255,161.78053356376364,-114.88898181754254,476
Odell Beckham Jr.,WR,NYG,321.36,45.4,8.0,33.83436002737851,00-0031235,4.4108731655406475,10.559999999999999,46.578820628109234,41.02436821594708,161.78053356376364,-115.2017129356544,477
Terrell Jennings,RB,FA,344.17,40.19,,25.516769336071185,00-0039757,3.6802898476515815,12.504444444444443,46.0199799394121,57.69425757601952,161.23689076876227,-115.21691082935016,478
LeQuint Allen Jr.,RB,JAC,264.39,30.71,7.0,22.086242299794662,00-0040238,4.3817794877402445,10.497777777777777,45.99894733352203,49.104750818705575,161.23689076876227,-115.23794343524023,479
Jaylin Lane,WR,WAS,354.67,29.07,7.0,24.35044490075291,00-0040164,4.3600431126840755,10.604444444444445,46.23583496384091,41.14695688095108,161.78053356376364,-115.54469859992273,480
Will Shipley,RB,PHI,306.94,18.59,10.0,24.021902806297057,00-0039746,4.46684385058851,10.124444444444444,45.22431240729167,47.507652448520474,161.23689076876227,-116.01257836147059,481
Dameon Pierce,RB,PHI,361.9,24.82,10.0,26.546201232032853,00-0037258,3.9511278646218306,11.24,44.410677198349376,52.1635630021715,161.23689076876227,-116.82621357041289,482
Treylon Burks,WR,WAS,318.97,50.09,7.0,26.455852156057496,00-0037742,4.228926379675647,10.559999999999999,44.65746256937483,40.89464729417634,161.78053356376364,-117.12307099438881,483
Dont'e Thornton Jr.,WR,LV,338.3,32.8,13.0,23.76728268309377,00-0040581,3.9942402696701427,11.097777777777779,44.32719090385043,42.67752155427589,161.78053356376364,-117.4533426599132,484
Savion Williams,WR,GB,347.5,28.18,11.0,24.78850102669405,00-0040009,3.9835997596064017,11.097777777777779,44.20910488772083,42.67079799107069,161.78053356376364,-117.57142867604281,485
Hunter Luepke,RB,DAL,345.63,42.43,14.0,26.521560574948666,00-0038738,3.481192850594846,12.24,42.609800491280915,56.422701998061925,161.23689076876227,-118.62709027748136,486
Jordan Whittington,WR,LAR,361.13,34.95,11.0,25.93018480492813,00-0039751,4.320159179037223,9.96,43.02878542321074,38.81171294707056,161.78053356376364,-118.7517481405529,487
Jalen Reagor,WR,FA,334.5,49.12,,27.67693360711841,00-0036387,4.266958882143064,10.03111111111111,42.80233865331954,39.02613590195016,161.78053356376364,-118.9781949104441,488
Scotty Miller,WR,CHI,325.0,54.0,10.0,29.100616016427104,00-0035298,4.223218418253188,9.76,41.21861176215111,38.02470173431904,161.78053356376364,-120.56192180161253,489
Ashton Dulin,WR,IND,337.47,30.32,13.0,29.31143052703628,00-0035021,4.01484044615433,10.03111111111111,40.27331060875699,38.84487665074045,161.78053356376364,-121.50722295500665,490
AJ Dillon,RB,CAR,332.2,44.64,5.0,28.347707049965777,00-0036265,3.718373790030622,10.440000000000001,38.8198223679197,48.47582713706424,161.23689076876227,-122.41706840084257,491
Rasheen Ali,RB,BAL,326.53,25.94,13.0,25.5523613963039,00-0039796,3.534960167588635,10.959999999999999,38.74316343677143,50.707888945333956,161.23689076876227,-122.49372733199084,492
Ronnie Rivers,RB,LAR,331.14,40.57,11.0,27.59753593429158,00-0037557,3.6716440941490136,10.497777777777777,38.54410377946653,48.70950595275641,161.23689076876227,-122.69278698929574,493
Alec Ingold,RB,LAC,344.0,43.0,7.0,30.16016427104723,00-0035125,3.1350790244036344,11.84,37.11933564893903,54.4851771999263,161.23689076876227,-124.11755511982324,494
Tyler Goodson,RB,ATL,330.14,36.55,11.0,25.82067077344285,00-0037120,3.4189922915232844,10.64,36.37807798180775,49.22136548326337,161.23689076876227,-124.85881278695452,495
Patrick Ricard,RB,NYG,330.0,40.0,8.0,32.27926078028747,00-0033376,3.417972875542071,10.497777777777777,35.881119697912766,48.584550747689164,161.23689076876227,-125.3557710708495,496
Julius Chestnut,RB,TEN,339.33,42.9,9.0,25.861738535249827,00-0037594,3.176710275634154,10.497777777777777,33.34839853799054,48.47373588483831,161.23689076876227,-127.88849223077173,497
Malik Willis,QB,MIA,128.78,18.79,6.0,27.28542094455852,00-0038128,16.20627079908884,11.08,179.56548045390437,74.08880969028037,308.62175610452914,-129.05627565062477,498
Justin Fields,QB,KC,344.12,21.32,5.0,27.50718685831622,00-0036945,14.076538390050796,12.719999999999999,179.0535683214461,78.95497696405742,308.62175610452914,-129.56818778308303,499
Tyler Badie,RB,DEN,374.6,9.33,10.0,26.57905544147844,00-0037085,2.743412299350205,9.97111111111111,27.354868860409706,45.92584997424107,161.23689076876227,-133.88202190835256,500
Jalen Milroe,QB,SEA,341.0,15.0,11.0,23.731690622861056,00-0040673,11.895696595474124,14.32,170.34637524718946,84.61518161088496,308.62175610452914,-138.27538085733968,501
Mac Jones,QB,SF,339.65,22.58,8.0,28.00273785078713,00-0036972,13.080906425073163,12.719999999999999,166.3891297269306,77.78885500644856,308.62175610452914,-142.23262637759854,502
Jacoby Brissett,QB,ARI,196.67,38.68,14.0,33.73579739904175,00-0033119,15.118708972120704,10.92,165.09630197555808,71.78003232271283,308.62175610452914,-143.52545412897106,503
Kirk Cousins,QB,LV,289.05,29.41,13.0,38.04791238877481,00-0029604,12.7884896875,12.719999999999999,162.66958882499998,77.45946660656853,308.62175610452914,-145.95216727952916,504
Quinn Ewers,QB,JAC,346.5,0.5,7.0,23.318275154004105,00-0040234,11.527453133710623,13.871111111111112,159.89858324582602,81.96717112745317,308.62175610452914,-148.72317285870312,505
Ty Simpson,QB,LAR,350.1,23.04,11.0,23.709787816564,00-0041568,10.015247099396586,15.8,158.24090417046605,90.7175450470466,308.62175610452914,-150.3808519340631,506
Shedeur Sanders,QB,CLE,301.37,23.31,11.0,24.577686516084874,00-0040668,12.416175267342293,12.297777777777778,152.6913642877161,74.94664837480687,308.62175610452914,-155.93039181681303,507
Cade Klubnik,QB,NYJ,352.76,23.29,13.0,22.90759753593429,00-0041056,9.382079287252873,15.8,148.2368527385954,90.25878496548435,308.62175610452914,-160.38490336593375,508
J.J. McCarthy,QB,MIN,330.44,19.19,6.0,23.627652292950035,00-0039923,12.64173645794531,11.644444444444446,147.20599786585208,71.98631903869806,308.62175610452914,-161.41575823867706,509
Michael Penix Jr.,QB,ATL,282.37,28.81,11.0,26.32991101984942,00-0039917,13.634063054716755,10.604444444444447,144.58166421579637,68.25204396442524,308.62175610452914,-164.04009188873277,510
Jack Strand,QB,ATL,356.5,9.5,11.0,22.203969883641346,00-0041194,9.097815783582726,15.8,143.7454893806071,90.06185043477825,308.62175610452914,-164.87626672392204,511
Deshaun Watson,QB,CLE,291.93,28.12,11.0,30.978781656399725,00-0033537,12.651708450944914,10.831111111111111,137.0320599775678,68.04969942396272,308.62175610452914,-171.58969612696134,512
Cam Ward,QB,TEN,158.85,24.06,9.0,24.28473648186174,00-0040676,13.591660030494975,10.05777777777778,136.70189621782282,65.64185495239448,308.62175610452914,-171.91985988670632,513
Jake Browning,QB,FA,316.5,8.5,,30.403832991101982,00-0035100,12.51086201462865,10.217777777777778,127.83320787391673,64.93286306024294,308.62175610452914,-180.7885482306124,514
Riley Leonard,QB,IND,353.25,21.05,13.0,23.980835044490075,00-0040206,8.973865649602663,13.444444444444446,120.64863817799137,77.53815482425446,308.62175610452914,-187.97311792653778,515
Joe Flacco,QB,CIN,351.79,29.0,6.0,41.637234770705,00-0026158,10.60216283638795,11.32,120.0164833079116,68.08943524535046,308.62175610452914,-188.60527279661756,516
Joe Milton III,QB,DAL,360.44,18.49,14.0,26.50239561943874,00-0039398,8.533279332517793,13.444444444444446,114.72519991496146,77.20118400571933,308.62175610452914,-193.89655618956766,517
Gardner Minshew II,QB,ARI,356.25,19.29,14.0,30.308008213552363,00-0035289,8.822971338466717,12.32,108.69900688990995,71.53774252168138,308.62175610452914,-199.9227492146192,518
Marcus Mariota,QB,WAS,351.89,30.87,7.0,32.851471594798085,00-0032268,10.264310314131992,10.4,106.74882726697271,63.119307724971314,308.62175610452914,-201.87292883755643,519
Anthony Richardson Sr.,QB,IND,347.16,23.55,13.0,24.292950034223136,00-0039164,10.597534849490106,10.05777777777778,106.58765050842717,61.80013668028599,308.62175610452914,-202.03410559610197,520
Jameis Winston,QB,NYG,356.46,23.74,8.0,32.6652977412731,00-0031503,9.64003093537724,10.32,99.48511925309312,62.04760855907989,308.62175610452914,-209.13663685143604,521
Tyson Bagent,QB,CHI,350.33,16.21,10.0,26.245037645448324,00-0038416,8.760541947548292,11.351111111111111,99.44188504017039,66.45640675073874,308.62175610452914,-209.17987106435874,522
Davis Mills,QB,HOU,363.0,24.54,8.0,27.87679671457905,00-0036898,8.732809024443219,10.604444444444447,92.60658814365122,62.58811089276533,308.62175610452914,-216.01516796087793,523
Tyrod Taylor,QB,GB,376.5,34.57,11.0,37.09240246406571,00-0028118,6.316101245133272,9.92,62.65572435172206,56.97781315728178,308.62175610452914,-245.96603175280708,524
Trey Lance,QB,LAC,364.0,8.0,7.0,26.327173169062284,00-0037012,5.048458114054825,12.297777777777778,62.08481600706534,68.8996416897981,308.62175610452914,-246.5369400974638,525
