season,week,team,pa
2023,1,WAS,16
2023,1,NYJ,16
2023,1,ATL,10
2023,1,CLE,3
2023,1,NYG,40
2023,1,KC,21
2023,1,CHI,38
2023,1,BAL,9
2023,1,IND,31
2023,1,SEA,30
2023,1,DEN,17
2023,1,LAC,36
2023,1,NE,25
2023,1,PIT,30
2023,1,MIN,20
2023,1,NO,15
2023,2,CIN,27
2023,2,TB,17
2023,2,PIT,22
2023,2,ATL,24
2023,2,HOU,31
2023,2,JAX,17
2023,2,TEN,24
2023,2,BUF,10
2023,2,NE,24
2023,2,PHI,28
2023,2,CAR,20
2023,2,ARI,31
2023,2,DAL,10
2023,2,DET,37
2023,2,LA,30
2023,2,DEN,35
2023,3,DET,6
2023,3,WAS,37
2023,3,SEA,27
2023,3,KC,10
2023,3,ARI,16
2023,3,MIA,20
2023,3,JAX,37
2023,3,BAL,22
2023,3,MIN,28
2023,3,CIN,16
2023,3,NYJ,15
2023,3,GB,17
2023,3,SF,12
2023,3,TB,25
2023,3,LV,23
2023,3,CLE,3
2023,4,SF,16
2023,4,JAX,7
2023,4,CLE,28
2023,4,TEN,3
2023,4,CHI,31
2023,4,GB,34
2023,4,NYJ,23
2023,4,IND,29
2023,4,LAC,17
2023,4,BUF,20
2023,4,CAR,21
2023,4,DAL,3
2023,4,HOU,6
2023,4,NYG,24
2023,4,NO,26
2023,4,PHI,31
2023,5,PIT,10
2023,5,DET,24
2023,5,WAS,40
2023,5,ARI,34
2023,5,SF,10
2023,5,LV,13
2023,5,ATL,19
2023,5,BUF,25
2023,5,MIN,27
2023,5,NE,34
2023,5,MIA,16
2023,5,DEN,31
2023,5,LA,23
2023,5,IND,16
2023,6,LA,9
2023,6,TEN,24
2023,6,MIA,21
2023,6,LAC,20
2023,6,KC,8
2023,6,TB,20
2023,6,JAX,20
2023,6,CHI,19
2023,6,LV,17
2023,6,HOU,13
2023,6,BUF,9
2023,6,NYJ,14
2023,6,CIN,13
2023,6,CLE,17
2023,6,ATL,24
2023,7,SEA,10
2023,7,TB,16
2023,7,NE,25
2023,7,IND,39
2023,7,BAL,6
2023,7,DEN,17
2023,7,NO,31
2023,7,KC,17
2023,7,CHI,12
2023,7,PHI,17
2023,7,LA,24
2023,7,MIN,17
2023,7,NYG,7
2023,8,TEN,23
2023,8,ARI,31
2023,8,LAC,13
2023,8,SF,31
2023,8,SEA,20
2023,8,CAR,13
2023,8,PIT,20
2023,8,DEN,9
2023,8,DAL,20
2023,8,DET,14
2023,8,GB,24
2023,8,MIA,17
2023,8,IND,38
2023,8,NYG,13
2023,8,WAS,38
2023,8,BUF,18
2023,9,CLE,0
2023,9,CIN,18
2023,9,NO,17
2023,9,PHI,23
2023,9,CAR,27
2023,9,NYJ,27
2023,9,GB,3
2023,9,KC,14
2023,9,ATL,31
2023,9,LV,6
2023,9,BAL,3
2023,9,HOU,37
2023,9,PIT,16
2023,9,NE,20
2023,10,ARI,23
2023,10,CHI,13
2023,10,BAL,33
2023,10,BUF,24
2023,10,LAC,41
2023,10,PIT,19
2023,10,CIN,30
2023,10,NE,10
2023,10,MIN,19
2023,10,DAL,17
2023,10,LV,12
2023,10,JAX,34
2023,10,TB,6
2023,10,SEA,26
2023,11,HOU,16
2023,11,DET,26
2023,11,BAL,20
2023,11,CAR,33
2023,11,GB,20
2023,11,MIA,13
2023,11,DEN,20
2023,11,WAS,31
2023,11,BUF,6
2023,11,KC,21
2023,11,CLE,10
2023,11,LA,16
2023,11,SF,14
2023,11,JAX,14
2023,12,LAC,20
2023,12,PHI,34
2023,12,TEN,10
2023,12,MIN,12
2023,12,DEN,12
2023,12,DET,29
2023,12,HOU,24
2023,12,LV,31
2023,12,ARI,37
2023,12,NYJ,34
2023,12,NYG,7
2023,12,ATL,15
2023,12,CIN,16
2023,12,SEA,31
2023,12,IND,20
2023,12,DAL,10
2023,13,PIT,24
2023,13,NYJ,13
2023,13,TB,18
2023,13,JAX,34
2023,13,LA,19
2023,13,HOU,17
2023,13,NO,33
2023,13,TEN,31
2023,13,GB,19
2023,13,NE,6
2023,13,WAS,45
2023,13,DAL,35
2023,13,PHI,42
2023,14,KC,20
2023,14,NO,6
2023,14,LAC,24
2023,14,CHI,13
2023,14,NYG,22
2023,14,NYJ,6
2023,14,CIN,14
2023,14,CLE,27
2023,14,BAL,31
2023,14,LV,3
2023,14,PIT,21
2023,14,DAL,13
2023,14,SF,16
2023,14,ATL,29
2023,14,MIA,28
2023,15,CAR,7
2023,15,JAX,23
2023,15,CLE,17
2023,15,BUF,10
2023,15,DET,17
2023,15,TEN,19
2023,15,NE,27
2023,15,LV,21
2023,15,CIN,24
2023,15,NO,6
2023,15,MIA,0
2023,15,SEA,17
2023,15,IND,13
2023,15,ARI,45
2023,15,GB,34
2023,15,LA,20
2023,16,CHI,16
2023,16,SF,33
2023,16,LAC,24
2023,16,PIT,11
2023,16,HOU,36
2023,16,MIA,20
2023,16,MIN,30
2023,16,CAR,33
2023,16,ATL,10
2023,16,TB,12
2023,16,KC,20
2023,16,DEN,26
2023,16,LA,22
2023,16,PHI,25
2023,16,TEN,20
2023,16,NYJ,28
2023,17,PHI,35
2023,17,CHI,17
2023,17,JAX,0
2023,17,KC,17
2023,17,DAL,19
2023,17,MIN,33
2023,17,DEN,9
2023,17,NYG,26
2023,17,IND,20
2023,17,BAL,19
2023,17,BUF,21
2023,17,TB,23
2023,17,CLE,20
2023,17,SEA,30
2023,17,WAS,27
2023,17,HOU,3
2023,18,NO,17
2023,18,MIA,21
2023,18,GB,9
2023,18,CIN,14
2023,18,WAS,38
2023,18,LV,14
2023,18,IND,23
2023,18,TEN,20
2023,18,LAC,13
2023,18,SF,21
2023,18,DET,20
2023,18,NE,17
2023,18,NYG,10
2023,18,BAL,17
2023,18,ARI,21
2023,18,CAR,9
2023,1,ARI,20
2023,1,BUF,22
2023,1,CAR,24
2023,1,CIN,24
2023,1,DAL,0
2023,1,DET,20
2023,1,GB,20
2023,1,HOU,25
2023,1,JAX,21
2023,1,LA,13
2023,1,LV,16
2023,1,MIA,34
2023,1,PHI,20
2023,1,SF,7
2023,1,TB,17
2023,1,TEN,16
2023,2,BAL,24
2023,2,CHI,27
2023,2,CLE,26
2023,2,GB,25
2023,2,IND,20
2023,2,KC,9
2023,2,LAC,27
2023,2,LV,38
2023,2,MIA,17
2023,2,MIN,34
2023,2,NO,17
2023,2,NYG,28
2023,2,NYJ,30
2023,2,SEA,31
2023,2,SF,23
2023,2,WAS,33
2023,3,ATL,20
2023,3,BUF,3
2023,3,CAR,37
2023,3,CHI,41
2023,3,DAL,28
2023,3,DEN,70
2023,3,HOU,17
2023,3,IND,19
2023,3,LAC,24
2023,3,LA,19
2023,3,NE,10
2023,3,NO,18
2023,3,NYG,30
2023,3,PHI,11
2023,3,PIT,18
2023,3,TEN,27
2023,4,ARI,35
2023,4,ATL,23
2023,4,BAL,3
2023,4,CIN,27
2023,4,DEN,28
2023,4,DET,20
2023,4,KC,20
2023,4,LA,23
2023,4,LV,24
2023,4,MIA,48
2023,4,MIN,13
2023,4,NE,38
2023,4,PIT,30
2023,4,SEA,3
2023,4,TB,9
2023,4,WAS,34
2023,5,BAL,17
2023,5,CAR,42
2023,5,CHI,20
2023,5,CIN,20
2023,5,DAL,42
2023,5,GB,17
2023,5,HOU,21
2023,5,JAX,20
2023,5,KC,20
2023,5,NO,0
2023,5,NYG,31
2023,5,NYJ,21
2023,5,PHI,14
2023,5,TEN,23
2023,6,ARI,26
2023,6,BAL,16
2023,6,CAR,42
2023,6,DAL,17
2023,6,DEN,19
2023,6,DET,6
2023,6,IND,37
2023,6,MIN,13
2023,6,NE,21
2023,6,NO,20
2023,6,NYG,14
2023,6,PHI,20
2023,6,SEA,17
2023,6,SF,19
2023,6,WAS,16
2023,7,ARI,20
2023,7,ATL,13
2023,7,BUF,29
2023,7,CLE,38
2023,7,DET,38
2023,7,GB,19
2023,7,JAX,24
2023,7,LAC,31
2023,7,LV,30
2023,7,MIA,31
2023,7,PIT,17
2023,7,SF,22
2023,7,WAS,14
2023,8,ATL,28
2023,8,BAL,24
2023,8,CHI,30
2023,8,CIN,17
2023,8,CLE,24
2023,8,HOU,15
2023,8,JAX,10
2023,8,KC,24
2023,8,LA,43
2023,8,LV,26
2023,8,MIN,10
2023,8,NE,31
2023,8,NO,27
2023,8,NYJ,10
2023,8,PHI,31
2023,8,TB,24
2023,9,ARI,27
2023,9,BUF,24
2023,9,CHI,24
2023,9,DAL,28
2023,9,IND,13
2023,9,LAC,6
2023,9,LA,20
2023,9,MIA,21
2023,9,MIN,28
2023,9,NYG,30
2023,9,SEA,37
2023,9,TB,39
2023,9,TEN,20
2023,9,WAS,17
2023,10,ATL,25
2023,10,CAR,16
2023,10,CLE,31
2023,10,DEN,22
2023,10,DET,38
2023,10,GB,23
2023,10,HOU,27
2023,10,IND,6
2023,10,NO,27
2023,10,NYG,49
2023,10,NYJ,16
2023,10,SF,3
2023,10,TEN,20
2023,10,WAS,29
2023,11,ARI,21
2023,11,CHI,31
2023,11,CIN,34
2023,11,DAL,10
2023,11,LAC,23
2023,11,LV,20
2023,11,MIN,21
2023,11,NYG,19
2023,11,NYJ,32
2023,11,PHI,17
2023,11,PIT,13
2023,11,SEA,17
2023,11,TB,27
2023,11,TEN,34
2023,12,BAL,10
2023,12,BUF,37
2023,12,CAR,17
2023,12,CHI,10
2023,12,CLE,29
2023,12,GB,22
2023,12,JAX,21
2023,12,KC,17
2023,12,LA,14
2023,12,MIA,13
2023,12,NE,10
2023,12,NO,24
2023,12,PIT,10
2023,12,SF,13
2023,12,TB,27
2023,12,WAS,45
2023,13,ARI,10
2023,13,ATL,8
2023,13,CAR,21
2023,13,CIN,31
2023,13,CLE,36
2023,13,DEN,22
2023,13,DET,28
2023,13,IND,28
2023,13,KC,27
2023,13,LAC,0
2023,13,MIA,15
2023,13,SEA,41
2023,13,SF,19
2023,14,BUF,17
2023,14,CAR,28
2023,14,DEN,7
2023,14,DET,28
2023,14,GB,24
2023,14,HOU,30
2023,14,IND,34
2023,14,JAX,31
2023,14,LA,37
2023,14,MIN,0
2023,14,NE,18
2023,14,PHI,33
2023,14,SEA,28
2023,14,TB,25
2023,14,TEN,27
2023,15,ATL,9
2023,15,BAL,7
2023,15,CHI,20
2023,15,DAL,31
2023,15,DEN,42
2023,15,HOU,16
2023,15,KC,17
2023,15,LAC,63
2023,15,MIN,27
2023,15,NYG,24
2023,15,NYJ,30
2023,15,PHI,20
2023,15,PIT,30
2023,15,SF,29
2023,15,TB,20
2023,15,WAS,28
2023,16,ARI,27
2023,16,BAL,19
2023,16,BUF,22
2023,16,CIN,34
2023,16,CLE,22
2023,16,DAL,22
2023,16,DET,24
2023,16,GB,30
2023,16,IND,29
2023,16,JAX,30
2023,16,LV,14
2023,16,NE,23
2023,16,NO,30
2023,16,NYG,33
2023,16,SEA,17
2023,16,WAS,30
2023,17,ARI,31
2023,17,ATL,37
2023,17,CAR,26
2023,17,CIN,25
2023,17,DET,20
2023,17,GB,10
2023,17,LAC,16
2023,17,LA,25
2023,17,LV,23
2023,17,MIA,56
2023,17,NE,27
2023,17,NO,13
2023,17,NYJ,37
2023,17,PIT,23
2023,17,SF,10
2023,17,TEN,26
2023,18,ATL,48
2023,18,BUF,14
2023,18,CHI,17
2023,18,CLE,31
2023,18,DAL,10
2023,18,DEN,27
2023,18,HOU,19
2023,18,JAX,28
2023,18,KC,12
2023,18,LA,20
2023,18,MIN,30
2023,18,NYJ,3
2023,18,PHI,27
2023,18,PIT,10
2023,18,SEA,20
2023,18,TB,0
2024,1,BUF,28
2024,1,KC,20
2024,1,NO,10
2024,1,CLE,33
2024,1,SEA,20
2024,1,PHI,29
2024,1,IND,29
2024,1,MIA,17
2024,1,DET,20
2024,1,LAC,10
2024,1,NYG,28
2024,1,CIN,16
2024,1,SF,19
2024,1,ATL,18
2024,1,CHI,17
2024,1,TB,20
2024,2,PHI,22
2024,2,MIA,31
2024,2,HOU,13
2024,2,KC,25
2024,2,JAX,18
2024,2,GB,10
2024,2,CAR,26
2024,2,ARI,10
2024,2,BAL,26
2024,2,DAL,44
2024,2,WAS,18
2024,2,TEN,24
2024,2,DEN,13
2024,2,NE,23
2024,2,MIN,17
2024,2,DET,20
2024,3,DAL,28
2024,3,LV,36
2024,3,IND,16
2024,3,TB,26
2024,3,ARI,20
2024,3,TEN,30
2024,3,MIN,7
2024,3,BUF,10
2024,3,ATL,22
2024,3,PIT,10
2024,3,SEA,3
2024,3,NYJ,3
2024,3,CLE,21
2024,3,NO,15
2024,3,LA,24
2024,3,CIN,38
2024,4,BAL,10
2024,4,CAR,34
2024,4,LV,16
2024,4,NYG,20
2024,4,NYJ,10
2024,4,HOU,20
2024,4,LAC,17
2024,4,CHI,18
2024,4,GB,31
2024,4,SF,13
2024,4,ATL,24
2024,4,TB,16
2024,4,IND,24
2024,4,DET,29
2024,4,MIA,31
2024,4,ARI,42
2024,5,SF,24
2024,5,CIN,41
2024,5,HOU,20
2024,5,CHI,10
2024,5,WAS,13
2024,5,PIT,20
2024,5,LA,24
2024,5,JAX,34
2024,5,DEN,18
2024,5,NE,15
2024,5,KC,13
2024,5,SEA,29
2024,5,MIN,17
2024,5,ATL,30
2024,6,GB,13
2024,6,CAR,38
2024,6,NYJ,23
2024,6,NYG,17
2024,6,PHI,16
2024,6,DAL,47
2024,6,NE,41
2024,6,TEN,20
2024,6,CHI,16
2024,6,DEN,23
2024,6,LV,32
2024,6,SEA,36
2024,6,NO,51
2024,6,BAL,23
2024,7,TB,41
2024,7,WAS,7
2024,7,CLE,21
2024,7,NO,33
2024,7,MIN,31
2024,7,GB,22
2024,7,SF,28
2024,7,ARI,15
2024,7,LA,15
2024,7,IND,10
2024,7,JAX,16
2024,7,PIT,15
2024,7,NYG,28
2024,7,ATL,34
2024,7,BUF,10
2024,8,MIA,28
2024,8,TB,31
2024,8,CLE,24
2024,8,SEA,31
2024,8,DEN,14
2024,8,WAS,15
2024,8,SF,24
2024,8,JAX,30
2024,8,HOU,20
2024,8,LV,27
2024,8,LA,20
2024,8,LAC,8
2024,8,PIT,18
2024,8,NE,22
2024,8,CIN,37
2024,8,DET,14
2024,9,ARI,9
2024,9,ATL,21
2024,9,BAL,10
2024,9,GB,24
2024,9,NYJ,13
2024,9,MIN,13
2024,9,PHI,23
2024,9,CLE,27
2024,9,SEA,26
2024,9,CIN,24
2024,9,BUF,27
2024,9,TEN,17
2024,9,CAR,22
2024,9,KC,24
2024,9,NYG,27
2024,10,NO,17
2024,10,IND,30
2024,10,BAL,34
2024,10,KC,14
2024,10,HOU,26
2024,10,LA,23
2024,10,JAX,12
2024,10,CHI,19
2024,10,CAR,17
2024,10,ARI,6
2024,10,DAL,34
2024,10,WAS,28
2024,10,TB,23
2024,10,LAC,17
2024,11,DEN,6
2024,11,PIT,16
2024,11,LAC,27
2024,11,NO,14
2024,11,CHI,20
2024,11,DAL,34
2024,11,NYJ,28
2024,11,DET,6
2024,11,BUF,21
2024,11,NE,28
2024,11,MIA,19
2024,11,TEN,23
2024,11,SF,20
2024,11,PHI,18
2024,12,SEA,6
2024,12,LAC,30
2024,12,WAS,34
2024,12,LV,29
2024,12,IND,24
2024,12,CAR,30
2024,12,CHI,30
2024,12,MIA,15
2024,12,LA,37
2024,12,CLE,19
2024,12,GB,10
2024,12,NYG,30
2024,12,HOU,32
2024,13,MIN,22
2024,13,DET,20
2024,13,DEN,32
2024,13,JAX,23
2024,13,NE,25
2024,13,ATL,17
2024,13,NO,21
2024,13,KC,17
2024,13,GB,17
2024,13,DAL,20
2024,13,BAL,24
2024,13,CIN,44
2024,13,NYJ,26
2024,13,BUF,10
2024,13,CAR,26
2024,13,WAS,19
2024,14,MIN,21
2024,14,LA,42
2024,14,PHI,16
2024,14,SF,13
2024,14,DAL,27
2024,14,PIT,14
2024,14,DET,31
2024,14,TEN,10
2024,14,KC,17
2024,14,TB,13
2024,14,NYG,14
2024,14,MIA,26
2024,14,ARI,30
2024,15,LV,15
2024,15,NYG,35
2024,15,DET,48
2024,15,MIN,12
2024,15,TEN,37
2024,15,CAR,30
2024,15,SEA,30
2024,15,DEN,13
2024,15,CLE,21
2024,15,SF,12
2024,15,HOU,12
2024,15,ARI,17
2024,15,JAX,32
2024,15,PHI,13
2024,15,LAC,40
2024,15,NO,20
2024,16,CAR,30
2024,16,CIN,6
2024,16,LAC,27
2024,16,CHI,34
2024,16,KC,19
2024,16,LV,14
2024,16,NYJ,19
2024,16,SEA,27
2024,16,BUF,21
2024,16,GB,0
2024,16,ATL,7
2024,16,WAS,33
2024,16,BAL,17
2024,16,MIA,17
2024,16,DAL,24
2024,16,IND,30
2024,17,LA,9
2024,17,WAS,24
2024,17,HOU,31
2024,17,TB,14
2024,17,PHI,7
2024,17,CIN,24
2024,17,SF,40
2024,17,MIN,25
2024,17,NYG,33
2024,17,PIT,29
2024,17,NE,40
2024,17,NO,25
2024,17,CLE,20
2024,17,BUF,14
2024,17,CHI,6
2024,17,JAX,13
2024,18,NE,16
2024,18,ATL,44
2024,18,GB,24
2024,18,PIT,19
2024,18,BAL,10
2024,18,TEN,23
2024,18,IND,23
2024,18,DEN,0
2024,18,LV,34
2024,18,NYJ,20
2024,18,DET,9
2024,18,TB,19
2024,18,PHI,13
2024,18,LA,30
2024,18,ARI,24
2024,18,DAL,23
2024,1,ARI,34
2024,1,BAL,27
2024,1,CAR,47
2024,1,DAL,17
2024,1,DEN,26
2024,1,GB,34
2024,1,HOU,27
2024,1,JAX,20
2024,1,LA,26
2024,1,LV,22
2024,1,MIN,6
2024,1,NE,10
2024,1,NYJ,32
2024,1,PIT,10
2024,1,TEN,24
2024,1,WAS,37
2024,2,ATL,21
2024,2,BUF,10
2024,2,CHI,19
2024,2,CIN,26
2024,2,CLE,13
2024,2,IND,16
2024,2,LAC,3
2024,2,LA,41
2024,2,LV,23
2024,2,NO,19
2024,2,NYG,21
2024,2,NYJ,17
2024,2,PIT,6
2024,2,SEA,20
2024,2,SF,23
2024,2,TB,16
2024,3,BAL,25
2024,3,CAR,22
2024,3,CHI,21
2024,3,DEN,7
2024,3,DET,13
2024,3,GB,14
2024,3,HOU,34
2024,3,JAX,47
2024,3,KC,17
2024,3,LAC,20
2024,3,MIA,24
2024,3,NE,24
2024,3,NYG,15
2024,3,PHI,12
2024,3,SF,27
2024,3,WAS,33
2024,4,BUF,35
2024,4,CIN,24
2024,4,CLE,20
2024,4,DAL,15
2024,4,DEN,9
2024,4,JAX,24
2024,4,KC,10
2024,4,LA,24
2024,4,MIN,29
2024,4,NE,30
2024,4,NO,26
2024,4,PHI,33
2024,4,PIT,27
2024,4,SEA,42
2024,4,TEN,12
2024,4,WAS,14
2024,5,ARI,23
2024,5,BAL,38
2024,5,BUF,23
2024,5,CAR,36
2024,5,CLE,34
2024,5,DAL,17
2024,5,GB,19
2024,5,IND,37
2024,5,LV,34
2024,5,MIA,10
2024,5,NO,26
2024,5,NYG,20
2024,5,NYJ,23
2024,5,TB,36
2024,6,ARI,34
2024,6,ATL,20
2024,6,BUF,20
2024,6,CIN,7
2024,6,CLE,20
2024,6,DET,9
2024,6,HOU,21
2024,6,IND,17
2024,6,JAX,35
2024,6,LAC,16
2024,6,PIT,13
2024,6,SF,24
2024,6,TB,27
2024,6,WAS,30
2024,7,BAL,31
2024,7,CAR,40
2024,7,CIN,14
2024,7,DEN,10
2024,7,DET,29
2024,7,HOU,24
2024,7,KC,18
2024,7,LAC,17
2024,7,LV,20
2024,7,MIA,16
2024,7,NE,32
2024,7,NYJ,37
2024,7,PHI,3
2024,7,SEA,14
2024,7,TEN,34
2024,8,ARI,27
2024,8,ATL,26
2024,8,BAL,29
2024,8,BUF,10
2024,8,CAR,28
2024,8,CHI,18
2024,8,DAL,30
2024,8,GB,27
2024,8,IND,23
2024,8,KC,20
2024,8,MIN,30
2024,8,NO,26
2024,8,NYG,26
2024,8,NYJ,25
2024,8,PHI,17
2024,8,TEN,52
2024,9,CHI,29
2024,9,DAL,27
2024,9,DEN,41
2024,9,DET,14
2024,9,HOU,21
2024,9,IND,21
2024,9,JAX,28
2024,9,LAC,10
2024,9,LA,20
2024,9,LV,41
2024,9,MIA,30
2024,9,NE,20
2024,9,NO,23
2024,9,TB,30
2024,9,WAS,22
2024,10,ATL,20
2024,10,BUF,20
2024,10,CIN,35
2024,10,DEN,16
2024,10,DET,23
2024,10,MIA,15
2024,10,MIN,7
2024,10,NE,3
2024,10,NYG,20
2024,10,NYJ,31
2024,10,PHI,6
2024,10,PIT,27
2024,10,SF,20
2024,10,TEN,27
2024,11,ATL,38
2024,11,BAL,18
2024,11,CIN,34
2024,11,CLE,35
2024,11,GB,19
2024,11,HOU,10
2024,11,IND,27
2024,11,JAX,52
2024,11,KC,30
2024,11,LA,22
2024,11,LV,34
2024,11,MIN,13
2024,11,SEA,17
2024,11,WAS,26
2024,12,ARI,16
2024,12,BAL,23
2024,12,DAL,26
2024,12,DEN,19
2024,12,DET,6
2024,12,KC,27
2024,12,MIN,27
2024,12,NE,34
2024,12,PHI,20
2024,12,PIT,24
2024,12,SF,38
2024,12,TB,7
2024,12,TEN,27
2024,13,ARI,23
2024,13,CHI,23
2024,13,CLE,41
2024,13,HOU,20
2024,13,IND,24
2024,13,LAC,13
2024,13,LA,14
2024,13,LV,19
2024,13,MIA,30
2024,13,NYG,27
2024,13,PHI,19
2024,13,PIT,38
2024,13,SEA,21
2024,13,SF,35
2024,13,TB,23
2024,13,TEN,42
2024,14,ATL,42
2024,14,BUF,44
2024,14,CAR,22
2024,14,CHI,38
2024,14,CIN,20
2024,14,CLE,27
2024,14,GB,34
2024,14,JAX,6
2024,14,LAC,19
2024,14,LV,28
2024,14,NO,11
2024,14,NYJ,32
2024,14,SEA,18
2024,15,ATL,9
2024,15,BAL,14
2024,15,BUF,42
2024,15,CHI,30
2024,15,CIN,27
2024,15,DAL,14
2024,15,GB,13
2024,15,IND,31
2024,15,KC,7
2024,15,LA,6
2024,15,MIA,20
2024,15,NE,30
2024,15,NYJ,25
2024,15,PIT,27
2024,15,TB,17
2024,15,WAS,19
2024,16,ARI,36
2024,16,CLE,24
2024,16,DEN,34
2024,16,DET,17
2024,16,HOU,27
2024,16,JAX,19
2024,16,LA,9
2024,16,MIN,24
2024,16,NE,24
2024,16,NO,34
2024,16,NYG,34
2024,16,PHI,36
2024,16,PIT,34
2024,16,SF,29
2024,16,TB,26
2024,16,TEN,38
2024,17,ARI,13
2024,17,ATL,30
2024,17,BAL,2
2024,17,CAR,48
2024,17,DAL,41
2024,17,DEN,30
2024,17,DET,34
2024,17,GB,27
2024,17,IND,45
2024,17,KC,10
2024,17,LAC,7
2024,17,LV,10
2024,17,MIA,3
2024,17,NYJ,40
2024,17,SEA,3
2024,17,TEN,20
2024,18,BUF,23
2024,18,CAR,38
2024,18,CHI,22
2024,18,CIN,17
2024,18,CLE,35
2024,18,HOU,14
2024,18,JAX,26
2024,18,KC,38
2024,18,LAC,20
2024,18,MIA,32
2024,18,MIN,31
2024,18,NO,27
2024,18,NYG,20
2024,18,SEA,25
2024,18,SF,47
2024,18,WAS,19
2025,1,NO,20
2025,1,BUF,40
2025,1,JAX,10
2025,1,CLE,17
2025,1,PHI,20
2025,1,GB,13
2025,1,LA,9
2025,1,LAC,21
2025,1,NE,20
2025,1,IND,8
2025,1,CHI,27
2025,1,WAS,6
2025,1,NYJ,34
2025,1,SEA,17
2025,1,ATL,23
2025,1,DEN,12
2025,2,MIN,22
2025,2,NYJ,30
2025,2,ARI,22
2025,2,DET,21
2025,2,BAL,17
2025,2,IND,28
2025,2,CIN,27
2025,2,LV,20
2025,2,TEN,33
2025,2,MIA,33
2025,2,DAL,37
2025,2,KC,20
2025,2,PIT,31
2025,2,NO,26
2025,2,HOU,20
2025,2,GB,18
2025,3,SF,15
2025,3,CAR,0
2025,3,MIN,10
2025,3,CHI,14
2025,3,LAC,20
2025,3,BAL,38
2025,3,CLE,10
2025,3,JAX,10
2025,3,TEN,41
2025,3,NYG,22
2025,3,PHI,26
2025,3,WAS,24
2025,3,BUF,21
2025,3,SEA,13
2025,3,TB,27
2025,3,NE,21
2025,4,KC,20
2025,4,NE,13
2025,4,LV,25
2025,4,DEN,3
2025,4,DET,10
2025,4,DAL,40
2025,4,LA,20
2025,4,SF,26
2025,4,NYG,18
2025,4,PIT,21
2025,4,BUF,19
2025,4,MIA,21
2025,4,TB,31
2025,4,ARI,23
2025,4,HOU,0
2025,4,ATL,27
2025,5,NYJ,37
2025,5,PHI,21
2025,5,CIN,37
2025,5,BAL,44
2025,5,JAX,28
2025,5,IND,6
2025,5,CAR,24
2025,5,CLE,21
2025,5,BUF,23
2025,5,NO,14
2025,5,LA,26
2025,5,SEA,38
2025,5,ARI,22
2025,5,LAC,27
2025,6,IND,27
2025,6,ATL,14
2025,6,WAS,25
2025,6,GB,18
2025,6,PIT,9
2025,6,CAR,27
2025,6,NYJ,13
2025,6,KC,17
2025,6,MIA,29
2025,6,BAL,17
2025,6,NO,25
2025,6,NYG,17
2025,6,JAX,20
2025,6,TB,19
2025,6,LV,10
2025,7,SF,10
2025,7,NYJ,13
2025,7,ARI,27
2025,7,SEA,19
2025,7,LAC,38
2025,7,JAX,35
2025,7,KC,0
2025,7,CLE,6
2025,7,TEN,31
2025,7,CHI,14
2025,7,DEN,32
2025,7,MIN,28
2025,7,CIN,31
2025,7,DET,9
2025,7,DAL,22
2025,8,CAR,40
2025,8,BAL,16
2025,8,NE,13
2025,8,DEN,24
2025,8,PIT,35
2025,8,ATL,34
2025,8,LAC,10
2025,8,PHI,20
2025,8,CIN,39
2025,8,HOU,15
2025,8,NO,23
2025,8,IND,14
2025,8,KC,7
2025,9,DAL,27
2025,9,NE,23
2025,9,MIA,28
2025,9,GB,16
2025,9,CIN,47
2025,9,HOU,18
2025,9,PIT,20
2025,9,LV,30
2025,9,BUF,21
2025,9,TEN,27
2025,9,DET,27
2025,9,LA,10
2025,9,WAS,38
2025,9,NYG,34
2025,10,SEA,22
2025,10,IND,25
2025,10,MIN,27
2025,10,MIA,13
2025,10,NYJ,20
2025,10,WAS,44
2025,10,HOU,29
2025,10,SF,42
2025,10,DEN,7
2025,10,TB,28
2025,10,CAR,17
2025,10,CHI,20
2025,10,GB,10
2025,10,LAC,10
2025,11,CLE,23
2025,11,ATL,30
2025,11,MIN,19
2025,11,PIT,12
2025,11,LV,33
2025,11,PHI,9
2025,11,NYG,27
2025,11,TEN,16
2025,11,DEN,19
2025,11,JAX,6
2025,11,NE,14
2025,11,LA,19
2025,11,ARI,41
2025,11,BUF,32
2025,11,MIA,13
2025,12,NO,24
2025,12,HOU,19
2025,12,SF,9
2025,12,LV,24
2025,12,KC,20
2025,12,ARI,27
2025,12,GB,6
2025,12,CIN,26
2025,12,DET,27
2025,12,BAL,10
2025,12,DAL,21
2025,12,CHI,28
2025,12,TEN,30
2025,12,LA,7
2025,13,TB,17
2025,13,NYJ,24
2025,13,PIT,26
2025,13,PHI,24
2025,13,BAL,32
2025,13,WAS,27
2025,13,DET,31
2025,13,IND,20
2025,13,TEN,25
2025,13,DAL,28
2025,13,CAR,28
2025,13,LAC,14
2025,13,SEA,0
2025,13,MIA,17
2025,13,NE,15
2025,13,CLE,26
2025,14,GB,21
2025,14,BUF,34
2025,14,DET,30
2025,14,LV,24
2025,14,KC,20
2025,14,JAX,19
2025,14,ARI,45
2025,14,NYJ,34
2025,14,TB,24
2025,14,LAC,19
2025,14,BAL,27
2025,14,ATL,37
2025,14,CLE,31
2025,14,MIN,0
2025,15,HOU,20
2025,15,TB,29
2025,15,CIN,24
2025,15,NE,35
2025,15,NO,17
2025,15,CHI,3
2025,15,LA,34
2025,15,DEN,26
2025,15,SEA,16
2025,15,KC,16
2025,15,PHI,0
2025,15,PIT,15
2025,15,DAL,34
2025,15,JAX,20
2025,15,SF,24
2025,15,NYG,29
2025,16,ARI,26
2025,16,CLE,23
2025,16,MIA,45
2025,16,CHI,16
2025,16,DEN,34
2025,16,TEN,9
2025,16,DAL,34
2025,16,SEA,37
2025,16,HOU,21
2025,16,NYG,16
2025,16,BAL,28
2025,16,NO,6
2025,16,WAS,29
2025,16,DET,29
2025,16,IND,48
2025,16,CAR,20
2025,17,CIN,14
2025,17,GB,41
2025,17,SF,38
2025,17,WAS,30
2025,17,KC,20
2025,17,MIN,10
2025,17,LAC,20
2025,17,IND,23
2025,17,ATL,24
2025,17,NYJ,42
2025,17,TEN,34
2025,17,LV,34
2025,17,BUF,13
2025,17,CLE,6
2025,17,CAR,27
2025,17,MIA,17
2025,18,LA,20
2025,18,PIT,24
2025,18,TB,14
2025,18,CIN,20
2025,18,NYG,17
2025,18,CHI,19
2025,18,MIN,3
2025,18,HOU,30
2025,18,LV,12
2025,18,DEN,3
2025,18,NE,10
2025,18,ATL,17
2025,18,BUF,8
2025,18,SF,13
2025,18,JAX,7
2025,18,PHI,24
2025,1,ARI,13
2025,1,BAL,41
2025,1,CAR,26
2025,1,CIN,16
2025,1,DAL,24
2025,1,DET,27
2025,1,HOU,14
2025,1,KC,27
2025,1,LV,13
2025,1,MIA,33
2025,1,MIN,24
2025,1,NYG,21
2025,1,PIT,32
2025,1,SF,13
2025,1,TB,20
2025,1,TEN,20
2025,2,ATL,6
2025,2,BUF,10
2025,2,CAR,27
2025,2,CHI,52
2025,2,CLE,41
2025,2,DEN,29
2025,2,JAX,31
2025,2,LAC,9
2025,2,LA,19
2025,2,NE,27
2025,2,NYG,40
2025,2,PHI,17
2025,2,SEA,17
2025,2,SF,21
2025,2,TB,19
2025,2,WAS,27
2025,3,ARI,16
2025,3,ATL,30
2025,3,CIN,48
2025,3,DAL,31
2025,3,DEN,23
2025,3,DET,30
2025,3,GB,13
2025,3,HOU,17
2025,3,IND,20
2025,3,KC,9
2025,3,LA,33
2025,3,LV,41
2025,3,MIA,31
2025,3,NO,44
2025,3,NYJ,29
2025,3,PIT,14
2025,4,BAL,37
2025,4,CAR,42
2025,4,CHI,24
2025,4,CIN,28
2025,4,CLE,34
2025,4,GB,40
2025,4,IND,27
2025,4,JAX,21
2025,4,LAC,21
2025,4,MIN,24
2025,4,NO,31
2025,4,NYJ,27
2025,4,PHI,25
2025,4,SEA,20
2025,4,TEN,26
2025,4,WAS,34
2025,5,DAL,22
2025,5,DEN,17
2025,5,DET,24
2025,5,HOU,10
2025,5,KC,31
2025,5,LV,40
2025,5,MIA,27
2025,5,MIN,17
2025,5,NE,20
2025,5,NYG,26
2025,5,SF,23
2025,5,TB,35
2025,5,TEN,21
2025,5,WAS,10
2025,6,ARI,31
2025,6,BUF,24
2025,6,CHI,24
2025,6,CIN,27
2025,6,CLE,23
2025,6,DAL,30
2025,6,DEN,11
2025,6,DET,30
2025,6,LAC,27
2025,6,LA,3
2025,6,NE,19
2025,6,PHI,34
2025,6,SEA,12
2025,6,SF,30
2025,6,TEN,20
2025,7,ATL,20
2025,7,CAR,6
2025,7,GB,23
2025,7,HOU,27
2025,7,IND,24
2025,7,LA,7
2025,7,LV,31
2025,7,MIA,31
2025,7,NE,13
2025,7,NO,26
2025,7,NYG,33
2025,7,PHI,22
2025,7,PIT,33
2025,7,TB,24
2025,7,WAS,44
2025,8,BUF,9
2025,8,CHI,30
2025,8,CLE,32
2025,8,DAL,44
2025,8,GB,25
2025,8,MIA,10
2025,8,MIN,37
2025,8,NYG,38
2025,8,NYJ,38
2025,8,SF,26
2025,8,TB,3
2025,8,TEN,38
2025,8,WAS,28
2025,9,ARI,17
2025,9,ATL,24
2025,9,BAL,6
2025,9,CAR,13
2025,9,CHI,42
2025,9,DEN,15
2025,9,IND,27
2025,9,JAX,29
2025,9,KC,28
2025,9,LAC,20
2025,9,MIN,24
2025,9,NO,34
2025,9,SEA,14
2025,9,SF,24
2025,10,ARI,44
2025,10,ATL,31
2025,10,BAL,19
2025,10,BUF,30
2025,10,CLE,27
2025,10,DET,22
2025,10,JAX,36
2025,10,LA,26
2025,10,LV,10
2025,10,NE,23
2025,10,NO,7
2025,10,NYG,24
2025,10,PHI,7
2025,10,PIT,25
2025,11,BAL,16
2025,11,CAR,27
2025,11,CHI,17
2025,11,CIN,34
2025,11,DAL,16
2025,11,DET,16
2025,11,GB,20
2025,11,HOU,13
2025,11,KC,22
2025,11,LAC,35
2025,11,NYJ,27
2025,11,SEA,21
2025,11,SF,22
2025,11,TB,44
2025,11,WAS,16
2025,12,ATL,10
2025,12,BUF,23
2025,12,CAR,20
2025,12,CLE,10
2025,12,IND,23
2025,12,JAX,24
2025,12,MIN,23
2025,12,NE,20
2025,12,NYG,34
2025,12,NYJ,23
2025,12,PHI,24
2025,12,PIT,31
2025,12,SEA,24
2025,12,TB,34
2025,13,ARI,20
2025,13,ATL,27
2025,13,BUF,7
2025,13,CHI,15
2025,13,CIN,14
2025,13,DEN,26
2025,13,GB,24
2025,13,HOU,16
2025,13,JAX,3
2025,13,KC,31
2025,13,LA,31
2025,13,LV,31
2025,13,MIN,26
2025,13,NO,21
2025,13,NYG,33
2025,13,SF,8
2025,14,CHI,28
2025,14,CIN,39
2025,14,DAL,44
2025,14,DEN,17
2025,14,HOU,10
2025,14,IND,36
2025,14,LA,17
2025,14,MIA,10
2025,14,NO,20
2025,14,PHI,22
2025,14,PIT,22
2025,14,SEA,9
2025,14,TEN,29
2025,14,WAS,31
2025,15,ARI,40
2025,15,ATL,28
2025,15,BAL,0
2025,15,BUF,31
2025,15,CAR,20
2025,15,CLE,31
2025,15,DET,41
2025,15,GB,34
2025,15,IND,18
2025,15,LAC,13
2025,15,LV,31
2025,15,MIA,28
2025,15,MIN,26
2025,15,NYJ,48
2025,15,TEN,37
2025,15,WAS,21
2025,16,ATL,19
2025,16,BUF,20
2025,16,CIN,21
2025,16,GB,22
2025,16,JAX,20
2025,16,KC,26
2025,16,LAC,17
2025,16,LA,38
2025,16,LV,23
2025,16,MIN,13
2025,16,NE,24
2025,16,NYJ,29
2025,16,PHI,18
2025,16,PIT,24
2025,16,SF,27
2025,16,TB,23
2025,17,ARI,37
2025,17,BAL,24
2025,17,CHI,42
2025,17,DAL,23
2025,17,DEN,13
2025,17,DET,23
2025,17,HOU,16
2025,17,JAX,17
2025,17,LA,27
2025,17,NE,10
2025,17,NO,26
2025,17,NYG,10
2025,17,PHI,12
2025,17,PIT,13
2025,17,SEA,10
2025,17,TB,20
2025,18,ARI,37
2025,18,BAL,26
2025,18,CAR,16
2025,18,CLE,18
2025,18,DAL,34
2025,18,DET,16
2025,18,GB,16
2025,18,IND,38
2025,18,KC,14
2025,18,LAC,19
2025,18,MIA,38
2025,18,NO,19
2025,18,NYJ,35
2025,18,SEA,3
2025,18,TEN,41
2025,18,WAS,17
