season,week,team,three_and_out,fourth_down_stop,yards_allowed
2021,1,ARI,2,2.0,248.0
2021,1,ATL,1,2.0,436.0
2021,1,BAL,4,1.0,491.0
2021,1,BUF,2,0.0,255.0
2021,1,CAR,3,1.0,254.0
2021,1,CHI,1,0.0,392.0
2021,1,CIN,4,0.0,403.0
2021,1,CLE,0,0.0,399.0
2021,1,DAL,2,0.0,431.0
2021,1,DEN,2,2.0,315.0
2021,1,DET,1,0.0,443.0
2021,1,GB,1,0.0,323.0
2021,1,HOU,5,0.0,397.0
2021,1,IND,1,0.0,381.0
2021,1,JAX,4,0.0,450.0
2021,1,KC,1,1.0,459.0
2021,1,LA,0,4.0,322.0
2021,1,LAC,2,0.0,259.0
2021,1,LV,1,1.0,407.0
2021,1,MIA,0,0.0,393.0
2021,1,MIN,3,1.0,366.0
2021,1,NE,3,0.0,261.0
2021,1,NO,1,1.0,229.0
2021,1,NYG,1,0.0,420.0
2021,1,NYJ,2,1.0,387.0
2021,1,PHI,3,2.0,260.0
2021,1,PIT,1,2.0,371.0
2021,1,SEA,4,3.0,336.0
2021,1,SF,2,3.0,434.0
2021,1,TB,2,0.0,451.0
2021,1,TEN,2,0.0,416.0
2021,1,WAS,1,0.0,427.0
2021,2,ARI,4,0.0,419.0
2021,2,ATL,2,1.0,344.0
2021,2,BAL,0,0.0,405.0
2021,2,BUF,3,4.0,217.0
2021,2,CAR,5,2.0,129.0
2021,2,CHI,0,1.0,248.0
2021,2,CIN,1,1.0,210.0
2021,2,CLE,2,0.0,302.0
2021,2,DAL,0,0.0,410.0
2021,2,DEN,3,0.0,189.0
2021,2,DET,2,0.0,327.0
2021,2,GB,0,2.0,344.0
2021,2,HOU,1,0.0,358.0
2021,2,IND,3,1.0,371.0
2021,2,JAX,2,0.0,400.0
2021,2,KC,1,0.0,482.0
2021,2,LA,1,1.0,356.0
2021,2,LAC,0,1.0,419.0
2021,2,LV,1,1.0,331.0
2021,2,MIA,2,0.0,316.0
2021,2,MIN,3,0.0,474.0
2021,2,NE,1,2.0,337.0
2021,2,NO,1,0.0,383.0
2021,2,NYG,3,0.0,407.0
2021,2,NYJ,3,0.0,260.0
2021,2,PHI,3,0.0,309.0
2021,2,PIT,0,0.0,425.0
2021,2,SEA,1,1.0,533.0
2021,2,SF,1,1.0,331.0
2021,2,TB,2,3.0,350.0
2021,2,TEN,4,0.0,397.0
2021,2,WAS,1,0.0,392.0
2021,3,ARI,5,0.0,361.0
2021,3,ATL,1,0.0,349.0
2021,3,BAL,3,0.0,285.0
2021,3,BUF,3,1.0,290.0
2021,3,CAR,3,1.0,193.0
2021,3,CHI,1,2.0,420.0
2021,3,CIN,3,2.0,342.0
2021,3,CLE,5,1.0,47.0
2021,3,DAL,4,2.0,367.0
2021,3,DEN,3,2.0,162.0
2021,3,DET,1,0.0,387.0
2021,3,GB,2,0.0,298.0
2021,3,HOU,3,1.0,410.0
2021,3,IND,1,0.0,372.0
2021,3,JAX,2,0.0,407.0
2021,3,KC,2,0.0,355.0
2021,3,LA,2,1.0,446.0
2021,3,LAC,1,0.0,437.0
2021,3,LV,0,1.0,332.0
2021,3,MIA,3,1.0,499.0
2021,3,MIN,0,1.0,389.0
2021,3,NE,4,0.0,254.0
2021,3,NO,4,1.0,300.0
2021,3,NYG,2,0.0,296.0
2021,3,NYJ,1,0.0,344.0
2021,3,PHI,3,1.0,383.0
2021,3,PIT,4,0.0,272.0
2021,3,SEA,1,0.0,453.0
2021,3,SF,2,1.0,353.0
2021,3,TB,1,0.0,409.0
2021,3,TEN,2,0.0,265.0
2021,3,WAS,1,1.0,484.0
2021,4,ARI,0,1.0,402.0
2021,4,ATL,1,1.0,413.0
2021,4,BAL,3,0.0,254.0
2021,4,BUF,4,1.0,109.0
2021,4,CAR,1,0.0,434.0
2021,4,CHI,2,2.0,351.0
2021,4,CIN,2,1.0,341.0
2021,4,CLE,5,2.0,256.0
2021,4,DAL,2,0.0,379.0
2021,4,DEN,3,0.0,406.0
2021,4,DET,2,0.0,375.0
2021,4,GB,1,2.0,282.0
2021,4,HOU,1,1.0,452.0
2021,4,IND,3,0.0,203.0
2021,4,JAX,2,0.0,420.0
2021,4,KC,0,1.0,461.0
2021,4,LA,2,0.0,467.0
2021,4,LAC,4,2.0,213.0
2021,4,LV,3,1.0,382.0
2021,4,MIA,0,0.0,353.0
2021,4,MIN,4,1.0,329.0
2021,4,NE,2,0.0,384.0
2021,4,NO,1,0.0,487.0
2021,4,NYG,1,1.0,405.0
2021,4,NYJ,3,1.0,432.0
2021,4,PHI,0,0.0,472.0
2021,4,PIT,1,1.0,369.0
2021,4,SEA,3,1.0,459.0
2021,4,SF,7,0.0,236.0
2021,4,TB,2,0.0,295.0
2021,4,TEN,4,0.0,356.0
2021,4,WAS,2,0.0,374.0
2021,5,ARI,1,4.0,338.0
2021,5,ATL,3,0.0,232.0
2021,5,BAL,1,0.0,513.0
2021,5,BUF,2,1.0,392.0
2021,5,CAR,4,1.0,277.0
2021,5,CHI,3,2.0,259.0
2021,5,CIN,1,0.0,466.0
2021,5,CLE,2,0.0,496.0
2021,5,DAL,2,1.0,367.0
2021,5,DEN,2,0.0,392.0
2021,5,DET,3,0.0,384.0
2021,5,GB,4,0.0,369.0
2021,5,HOU,1,0.0,352.0
2021,5,IND,2,0.0,527.0
2021,5,JAX,1,0.0,368.0
2021,5,KC,3,0.0,439.0
2021,5,LA,2,1.0,354.0
2021,5,LAC,2,2.0,533.0
2021,5,LV,4,0.0,252.0
2021,5,MIA,0,0.0,559.0
2021,5,MIN,1,1.0,290.0
2021,5,NE,2,0.0,360.0
2021,5,NO,2,2.0,373.0
2021,5,NYG,1,1.0,515.0
2021,5,NYJ,0,0.0,451.0
2021,5,PHI,3,0.0,267.0
2021,5,PIT,2,1.0,374.0
2021,5,SEA,1,0.0,477.0
2021,5,SF,3,0.0,311.0
2021,5,TB,2,0.0,301.0
2021,5,TEN,1,2.0,454.0
2021,5,WAS,3,0.0,370.0
2021,6,ARI,2,3.0,290.0
2021,6,BAL,3,3.0,208.0
2021,6,BUF,1,0.0,363.0
2021,6,CAR,2,0.0,571.0
2021,6,CHI,1,0.0,328.0
2021,6,CIN,4,1.0,230.0
2021,6,CLE,2,0.0,355.0
2021,6,DAL,3,0.0,341.0
2021,6,DEN,3,0.0,427.0
2021,6,DET,3,0.0,401.0
2021,6,GB,1,1.0,277.0
2021,6,HOU,3,0.0,389.0
2021,6,IND,1,1.0,353.0
2021,6,JAX,1,1.0,431.0
2021,6,KC,3,0.0,276.0
2021,6,LA,3,2.0,263.0
2021,6,LAC,1,0.0,329.0
2021,6,LV,2,2.0,421.0
2021,6,MIA,2,1.0,396.0
2021,6,MIN,1,0.0,309.0
2021,6,NE,1,2.0,567.0
2021,6,NYG,2,0.0,366.0
2021,6,PHI,3,1.0,401.0
2021,6,PIT,5,0.0,310.0
2021,6,SEA,4,0.0,345.0
2021,6,TB,5,0.0,215.0
2021,6,TEN,1,1.0,419.0
2021,6,WAS,0,1.0,499.0
2021,7,ARI,5,2.0,160.0
2021,7,ATL,2,0.0,413.0
2021,7,BAL,3,1.0,520.0
2021,7,CAR,2,1.0,305.0
2021,7,CHI,1,1.0,408.0
2021,7,CIN,2,3.0,393.0
2021,7,CLE,4,0.0,223.0
2021,7,DEN,1,0.0,377.0
2021,7,DET,0,1.0,378.0
2021,7,GB,0,3.0,431.0
2021,7,HOU,2,0.0,398.0
2021,7,IND,4,0.0,281.0
2021,7,KC,1,0.0,370.0
2021,7,LA,1,1.0,415.0
2021,7,LV,0,1.0,361.0
2021,7,MIA,2,0.0,399.0
2021,7,NE,1,2.0,299.0
2021,7,NO,1,1.0,220.0
2021,7,NYG,6,2.0,173.0
2021,7,NYJ,0,0.0,554.0
2021,7,PHI,2,0.0,443.0
2021,7,SEA,2,0.0,307.0
2021,7,SF,4,0.0,295.0
2021,7,TB,2,1.0,311.0
2021,7,TEN,0,1.0,335.0
2021,7,WAS,3,0.0,304.0
2021,8,ARI,1,2.0,336.0
2021,8,ATL,3,0.0,333.0
2021,8,BUF,3,0.0,264.0
2021,8,CAR,3,0.0,213.0
2021,8,CHI,0,0.0,472.0
2021,8,CIN,1,0.0,517.0
2021,8,CLE,3,2.0,370.0
2021,8,DAL,4,1.0,279.0
2021,8,DEN,1,4.0,342.0
2021,8,DET,1,0.0,351.0
2021,8,GB,2,0.0,334.0
2021,8,HOU,3,1.0,467.0
2021,8,IND,3,0.0,341.0
2021,8,JAX,5,0.0,229.0
2021,8,KC,3,1.0,301.0
2021,8,LA,5,0.0,325.0
2021,8,LAC,2,1.0,355.0
2021,8,MIA,2,1.0,352.0
2021,8,MIN,2,0.0,419.0
2021,8,NE,3,0.0,370.0
2021,8,NO,1,1.0,421.0
2021,8,NYG,1,0.0,369.0
2021,8,NYJ,2,1.0,319.0
2021,8,PHI,1,3.0,228.0
2021,8,PIT,3,2.0,306.0
2021,8,SEA,2,3.0,310.0
2021,8,SF,0,0.0,324.0
2021,8,TB,2,1.0,362.0
2021,8,TEN,2,1.0,307.0
2021,8,WAS,1,0.0,273.0
2021,9,ARI,1,0.0,337.0
2021,9,ATL,1,1.0,376.0
2021,9,BAL,3,0.0,318.0
2021,9,BUF,3,0.0,219.0
2021,9,CAR,1,0.0,276.0
2021,9,CHI,2,0.0,281.0
2021,9,CIN,2,0.0,361.0
2021,9,CLE,1,2.0,348.0
2021,9,DAL,3,0.0,411.0
2021,9,DEN,1,4.0,294.0
2021,9,GB,4,1.0,239.0
2021,9,HOU,3,0.0,262.0
2021,9,IND,2,0.0,487.0
2021,9,JAX,0,1.0,301.0
2021,9,KC,2,1.0,301.0
2021,9,LA,3,0.0,195.0
2021,9,LAC,2,0.0,331.0
2021,9,LV,0,0.0,248.0
2021,9,MIA,2,0.0,272.0
2021,9,MIN,0,0.0,500.0
2021,9,NE,3,1.0,240.0
2021,9,NO,3,1.0,368.0
2021,9,NYG,2,0.0,403.0
2021,9,NYJ,2,1.0,533.0
2021,9,PHI,0,2.0,447.0
2021,9,PIT,4,0.0,414.0
2021,9,SF,1,1.0,438.0
2021,9,TEN,0,1.0,347.0
2021,10,ARI,3,0.0,343.0
2021,10,ATL,3,0.0,439.0
2021,10,BAL,4,0.0,351.0
2021,10,BUF,2,1.0,366.0
2021,10,CAR,3,3.0,169.0
2021,10,CLE,1,0.0,454.0
2021,10,DAL,4,2.0,214.0
2021,10,DEN,3,0.0,389.0
2021,10,DET,4,0.0,388.0
2021,10,GB,3,1.0,208.0
2021,10,IND,6,0.0,333.0
2021,10,JAX,5,0.0,298.0
2021,10,KC,2,1.0,299.0
2021,10,LA,1,1.0,336.0
2021,10,LAC,2,0.0,388.0
2021,10,LV,1,0.0,518.0
2021,10,MIA,2,0.0,305.0
2021,10,MIN,3,0.0,253.0
2021,10,NE,1,2.0,217.0
2021,10,NO,4,0.0,266.0
2021,10,NYJ,1,0.0,493.0
2021,10,PHI,4,2.0,308.0
2021,10,PIT,6,0.0,306.0
2021,10,SEA,2,1.0,393.0
2021,10,SF,3,2.0,278.0
2021,10,TB,2,0.0,320.0
2021,10,TEN,2,0.0,373.0
2021,10,WAS,2,0.0,273.0
2021,11,ARI,0,1.0,266.0
2021,11,ATL,3,0.0,312.0
2021,11,BAL,2,1.0,353.0
2021,11,BUF,0,1.0,370.0
2021,11,CAR,2,0.0,371.0
2021,11,CHI,1,0.0,299.0
2021,11,CIN,0,0.0,278.0
2021,11,CLE,2,0.0,245.0
2021,11,DAL,2,0.0,372.0
2021,11,DET,1,0.0,351.0
2021,11,GB,2,0.0,414.0
2021,11,HOU,1,2.0,420.0
2021,11,IND,1,0.0,313.0
2021,11,JAX,1,0.0,336.0
2021,11,KC,5,0.0,276.0
2021,11,LAC,1,2.0,300.0
2021,11,LV,0,0.0,288.0
2021,11,MIA,1,0.0,380.0
2021,11,MIN,1,0.0,468.0
2021,11,NE,3,1.0,165.0
2021,11,NO,2,0.0,382.0
2021,11,NYG,1,0.0,404.0
2021,11,NYJ,3,0.0,389.0
2021,11,PHI,3,0.0,324.0
2021,11,PIT,1,1.0,536.0
2021,11,SEA,2,0.0,415.0
2021,11,SF,2,0.0,200.0
2021,11,TB,2,2.0,215.0
2021,11,TEN,6,0.0,190.0
2021,11,WAS,2,2.0,298.0
2021,12,ATL,1,2.0,359.0
2021,12,BAL,2,1.0,262.0
2021,12,BUF,3,2.0,191.0
2021,12,CAR,1,0.0,317.0
2021,12,CHI,4,0.0,239.0
2021,12,CIN,2,0.0,301.0
2021,12,CLE,1,0.0,305.0
2021,12,DAL,3,0.0,510.0
2021,12,DEN,2,1.0,357.0
2021,12,DET,1,0.0,384.0
2021,12,GB,2,1.0,356.0
2021,12,HOU,4,0.0,269.0
2021,12,IND,4,0.0,360.0
2021,12,JAX,1,0.0,334.0
2021,12,LA,2,0.0,400.0
2021,12,LAC,2,0.0,303.0
2021,12,LV,5,0.0,439.0
2021,12,MIA,3,1.0,198.0
2021,12,MIN,1,0.0,425.0
2021,12,NE,2,2.0,356.0
2021,12,NO,1,0.0,361.0
2021,12,NYG,2,2.0,332.0
2021,12,NYJ,3,1.0,202.0
2021,12,PHI,4,0.0,265.0
2021,12,PIT,1,0.0,370.0
2021,12,SEA,4,1.0,375.0
2021,12,SF,2,2.0,323.0
2021,12,TB,3,0.0,392.0
2021,12,TEN,0,0.0,395.0
2021,12,WAS,6,0.0,267.0
2021,13,ARI,1,0.0,331.0
2021,13,ATL,2,0.0,426.0
2021,13,BAL,2,0.0,324.0
2021,13,BUF,4,1.0,251.0
2021,13,CHI,1,1.0,257.0
2021,13,CIN,2,0.0,365.0
2021,13,DAL,4,0.0,405.0
2021,13,DEN,2,0.0,269.0
2021,13,DET,0,1.0,427.0
2021,13,HOU,1,0.0,391.0
2021,13,IND,4,3.0,141.0
2021,13,JAX,0,0.0,418.0
2021,13,KC,3,3.0,404.0
2021,13,LA,4,1.0,197.0
2021,13,LAC,3,1.0,356.0
2021,13,LV,0,0.0,299.0
2021,13,MIA,3,0.0,250.0
2021,13,MIN,3,2.0,372.0
2021,13,NE,2,1.0,230.0
2021,13,NO,6,1.0,380.0
2021,13,NYG,4,0.0,298.0
2021,13,NYJ,0,0.0,418.0
2021,13,PHI,2,1.0,282.0
2021,13,PIT,2,0.0,326.0
2021,13,SEA,2,1.0,366.0
2021,13,SF,2,0.0,328.0
2021,13,TB,1,0.0,380.0
2021,13,WAS,1,0.0,310.0
2021,14,ARI,1,0.0,356.0
2021,14,ATL,2,2.0,334.0
2021,14,BAL,3,0.0,292.0
2021,14,BUF,3,1.0,490.0
2021,14,CAR,1,0.0,320.0
2021,14,CHI,2,0.0,440.0
2021,14,CIN,3,0.0,355.0
2021,14,CLE,4,1.0,389.0
2021,14,DAL,3,1.0,227.0
2021,14,DEN,1,2.0,316.0
2021,14,DET,2,0.0,358.0
2021,14,GB,3,1.0,347.0
2021,14,HOU,1,0.0,455.0
2021,14,JAX,2,0.0,266.0
2021,14,KC,0,0.0,290.0
2021,14,LA,1,2.0,447.0
2021,14,LAC,4,2.0,318.0
2021,14,LV,1,0.0,374.0
2021,14,MIN,5,0.0,377.0
2021,14,NO,5,2.0,256.0
2021,14,NYG,2,0.0,425.0
2021,14,NYJ,4,0.0,344.0
2021,14,PIT,2,0.0,458.0
2021,14,SEA,1,2.0,380.0
2021,14,SF,2,0.0,398.0
2021,14,TB,1,1.0,466.0
2021,14,TEN,0,1.0,192.0
2021,14,WAS,4,0.0,328.0
2021,15,ARI,2,0.0,338.0
2021,15,ATL,4,0.0,397.0
2021,15,BAL,2,0.0,348.0
2021,15,BUF,2,4.0,277.0
2021,15,CAR,3,0.0,314.0
2021,15,CHI,5,1.0,193.0
2021,15,CIN,1,1.0,292.0
2021,15,CLE,2,0.0,328.0
2021,15,DAL,0,2.0,302.0
2021,15,DEN,4,0.0,250.0
2021,15,DET,2,2.0,399.0
2021,15,GB,1,2.0,355.0
2021,15,HOU,5,1.0,296.0
2021,15,IND,1,2.0,365.0
2021,15,JAX,3,0.0,281.0
2021,15,KC,0,3.0,428.0
2021,15,LA,3,1.0,214.0
2021,15,LAC,1,1.0,497.0
2021,15,LV,5,0.0,236.0
2021,15,MIA,4,1.0,228.0
2021,15,MIN,2,3.0,370.0
2021,15,NE,1,0.0,277.0
2021,15,NO,3,1.0,302.0
2021,15,NYG,0,0.0,329.0
2021,15,NYJ,3,1.0,382.0
2021,15,PHI,3,1.0,237.0
2021,15,PIT,1,1.0,318.0
2021,15,SEA,2,1.0,335.0
2021,15,SF,1,3.0,275.0
2021,15,TB,6,0.0,212.0
2021,15,TEN,3,0.0,169.0
2021,15,WAS,0,1.0,519.0
2021,16,ARI,1,1.0,347.0
2021,16,ATL,2,1.0,338.0
2021,16,BAL,0,0.0,576.0
2021,16,BUF,2,1.0,288.0
2021,16,CAR,1,0.0,391.0
2021,16,CHI,3,1.0,331.0
2021,16,CIN,2,1.0,334.0
2021,16,CLE,3,0.0,312.0
2021,16,DAL,2,1.0,258.0
2021,16,DEN,0,0.0,346.0
2021,16,DET,1,0.0,255.0
2021,16,GB,0,0.0,409.0
2021,16,HOU,0,0.0,419.0
2021,16,IND,1,2.0,378.0
2021,16,JAX,1,2.0,373.0
2021,16,KC,0,1.0,303.0
2021,16,LA,2,0.0,361.0
2021,16,LAC,1,0.0,438.0
2021,16,LV,1,0.0,158.0
2021,16,MIA,3,2.0,164.0
2021,16,MIN,2,0.0,357.0
2021,16,NE,0,1.0,429.0
2021,16,NO,3,0.0,259.0
2021,16,NYG,2,1.0,324.0
2021,16,NYJ,0,1.0,385.0
2021,16,PHI,5,1.0,192.0
2021,16,PIT,2,0.0,381.0
2021,16,SEA,1,2.0,320.0
2021,16,SF,1,0.0,278.0
2021,16,TB,4,2.0,273.0
2021,16,TEN,1,1.0,389.0
2021,16,WAS,2,0.0,499.0
2021,17,ARI,3,0.0,303.0
2021,17,ATL,0,0.0,356.0
2021,17,BAL,1,0.0,374.0
2021,17,BUF,2,1.0,265.0
2021,17,CAR,3,0.0,283.0
2021,17,CHI,1,1.0,155.0
2021,17,CIN,1,0.0,414.0
2021,17,CLE,3,1.0,300.0
2021,17,DAL,2,0.0,402.0
2021,17,DEN,3,0.0,343.0
2021,17,DET,1,0.0,498.0
2021,17,GB,6,3.0,206.0
2021,17,HOU,2,2.0,416.0
2021,17,IND,1,0.0,326.0
2021,17,JAX,0,0.0,472.0
2021,17,KC,1,0.0,475.0
2021,17,LA,2,0.0,327.0
2021,17,LAC,2,3.0,319.0
2021,17,LV,3,0.0,262.0
2021,17,MIA,2,0.0,308.0
2021,17,MIN,1,1.0,482.0
2021,17,NE,3,0.0,253.0
2021,17,NO,4,0.0,178.0
2021,17,NYG,3,1.0,249.0
2021,17,NYJ,0,0.0,469.0
2021,17,PHI,1,1.0,312.0
2021,17,PIT,4,2.0,232.0
2021,17,SEA,2,1.0,359.0
2021,17,SF,5,1.0,222.0
2021,17,TB,2,1.0,374.0
2021,17,TEN,2,2.0,256.0
2021,17,WAS,0,1.0,331.0
2021,18,ARI,0,0.0,432.0
2021,18,ATL,2,1.0,370.0
2021,18,BAL,5,0.0,318.0
2021,18,BUF,8,0.0,53.0
2021,18,CAR,3,0.0,410.0
2021,18,CHI,5,0.0,332.0
2021,18,CIN,3,1.0,377.0
2021,18,CLE,4,0.0,182.0
2021,18,DAL,2,0.0,316.0
2021,18,DEN,0,0.0,396.0
2021,18,DET,1,1.0,381.0
2021,18,GB,2,1.0,405.0
2021,18,HOU,4,0.0,407.0
2021,18,IND,2,0.0,322.0
2021,18,JAX,1,3.0,235.0
2021,18,KC,2,0.0,364.0
2021,18,LA,3,0.0,449.0
2021,18,LAC,2,0.0,347.0
2021,18,LV,3,1.0,442.0
2021,18,MIA,0,0.0,379.0
2021,18,MIN,0,5.0,358.0
2021,18,NE,3,1.0,298.0
2021,18,NO,2,1.0,257.0
2021,18,NYG,2,0.0,325.0
2021,18,NYJ,5,1.0,427.0
2021,18,PHI,1,0.0,479.0
2021,18,PIT,3,1.0,381.0
2021,18,SEA,2,1.0,305.0
2021,18,SF,2,0.0,265.0
2021,18,TB,2,4.0,318.0
2021,18,TEN,2,0.0,357.0
2021,18,WAS,5,2.0,177.0
2022,1,ARI,0,0.0,488.0
2022,1,ATL,4,0.0,387.0
2022,1,BAL,2,1.0,380.0
2022,1,BUF,2,1.0,243.0
2022,1,CAR,2,1.0,355.0
2022,1,CHI,1,2.0,331.0
2022,1,CIN,5,0.0,268.0
2022,1,CLE,3,0.0,262.0
2022,1,DAL,1,0.0,348.0
2022,1,DEN,1,1.0,256.0
2022,1,DET,1,1.0,456.0
2022,1,GB,2,0.0,395.0
2022,1,HOU,2,1.0,517.0
2022,1,IND,4,0.0,301.0
2022,1,JAX,1,0.0,394.0
2022,1,KC,3,1.0,285.0
2022,1,LA,0,0.0,414.0
2022,1,LAC,1,1.0,320.0
2022,1,LV,4,1.0,357.0
2022,1,MIA,0,1.0,273.0
2022,1,MIN,1,2.0,339.0
2022,1,NE,2,0.0,307.0
2022,1,NO,1,0.0,416.0
2022,1,NYG,4,0.0,359.0
2022,1,NYJ,1,0.0,276.0
2022,1,PHI,3,0.0,387.0
2022,1,PIT,2,2.0,434.0
2022,1,SEA,0,1.0,433.0
2022,1,SF,4,0.0,206.0
2022,1,TB,3,3.0,245.0
2022,1,TEN,3,0.0,396.0
2022,1,WAS,1,1.0,383.0
2022,2,ARI,2,0.0,324.0
2022,2,ATL,0,1.0,337.0
2022,2,BAL,0,0.0,547.0
2022,2,BUF,3,0.0,187.0
2022,2,CAR,3,0.0,267.0
2022,2,CHI,1,0.0,415.0
2022,2,CIN,1,0.0,337.0
2022,2,CLE,3,0.0,403.0
2022,2,DAL,3,0.0,257.0
2022,2,DEN,3,2.0,235.0
2022,2,DET,4,1.0,398.0
2022,2,GB,4,1.0,228.0
2022,2,HOU,1,0.0,351.0
2022,2,IND,4,1.0,332.0
2022,2,JAX,3,2.0,218.0
2022,2,KC,3,0.0,402.0
2022,2,LA,1,1.0,263.0
2022,2,LAC,3,0.0,320.0
2022,2,LV,0,2.0,417.0
2022,2,MIA,2,2.0,473.0
2022,2,MIN,1,0.0,486.0
2022,2,NE,3,0.0,245.0
2022,2,NO,4,1.0,262.0
2022,2,NYG,2,0.0,275.0
2022,2,NYJ,1,0.0,406.0
2022,2,PHI,4,0.0,264.0
2022,2,PIT,2,0.0,385.0
2022,2,SEA,0,1.0,373.0
2022,2,SF,2,0.0,216.0
2022,2,TB,2,1.0,308.0
2022,2,TEN,3,1.0,416.0
2022,2,WAS,4,2.0,427.0
2022,3,ARI,3,0.0,341.0
2022,3,ATL,1,1.0,420.0
2022,3,BAL,0,1.0,447.0
2022,3,BUF,1,0.0,212.0
2022,3,CAR,5,0.0,426.0
2022,3,CHI,3,0.0,329.0
2022,3,CIN,1,3.0,328.0
2022,3,CLE,3,0.0,308.0
2022,3,DAL,1,1.0,336.0
2022,3,DEN,1,0.0,267.0
2022,3,DET,2,1.0,374.0
2022,3,GB,4,0.0,286.0
2022,3,HOU,2,0.0,364.0
2022,3,IND,2,1.0,317.0
2022,3,JAX,3,2.0,312.0
2022,3,KC,1,2.0,260.0
2022,3,LA,3,1.0,365.0
2022,3,LAC,0,1.0,417.0
2022,3,LV,1,1.0,363.0
2022,3,MIA,0,1.0,497.0
2022,3,MIN,1,2.0,416.0
2022,3,NE,2,0.0,397.0
2022,3,NO,3,1.0,294.0
2022,3,NYG,1,0.0,393.0
2022,3,NYJ,3,1.0,331.0
2022,3,PHI,4,2.0,240.0
2022,3,PIT,3,1.0,376.0
2022,3,SEA,1,0.0,388.0
2022,3,SF,9,0.0,264.0
2022,3,TB,3,0.0,316.0
2022,3,TEN,2,0.0,396.0
2022,3,WAS,2,1.0,403.0
2022,4,ARI,2,2.0,220.0
2022,4,ATL,2,1.0,403.0
2022,4,BAL,3,0.0,328.0
2022,4,BUF,2,1.0,297.0
2022,4,CAR,3,2.0,341.0
2022,4,CHI,2,0.0,333.0
2022,4,CIN,3,1.0,378.0
2022,4,CLE,2,0.0,336.0
2022,4,DAL,2,2.0,297.0
2022,4,DEN,3,0.0,387.0
2022,4,DET,0,0.0,557.0
2022,4,GB,4,0.0,271.0
2022,4,HOU,2,1.0,424.0
2022,4,IND,3,0.0,246.0
2022,4,JAX,1,2.0,404.0
2022,4,KC,1,0.0,376.0
2022,4,LA,2,1.0,327.0
2022,4,LAC,1,2.0,346.0
2022,4,LV,3,1.0,299.0
2022,4,MIA,1,1.0,374.0
2022,4,MIN,3,0.0,340.0
2022,4,NE,2,0.0,443.0
2022,4,NO,1,0.0,344.0
2022,4,NYG,4,0.0,304.0
2022,4,NYJ,2,0.0,297.0
2022,4,PHI,3,1.0,219.0
2022,4,PIT,3,0.0,348.0
2022,4,SEA,1,0.0,524.0
2022,4,SF,3,0.0,257.0
2022,4,TB,0,1.0,417.0
2022,4,TEN,1,0.0,365.0
2022,4,WAS,5,0.0,279.0
2022,5,ARI,2,0.0,358.0
2022,5,ATL,3,1.0,425.0
2022,5,BAL,3,1.0,291.0
2022,5,BUF,4,3.0,364.0
2022,5,CAR,0,0.0,399.0
2022,5,CHI,0,0.0,433.0
2022,5,CIN,0,1.0,326.0
2022,5,CLE,1,2.0,467.0
2022,5,DAL,2,0.0,323.0
2022,5,DEN,5,0.0,306.0
2022,5,DET,0,0.0,369.0
2022,5,GB,2,1.0,342.0
2022,5,HOU,2,3.0,422.0
2022,5,IND,3,1.0,377.0
2022,5,JAX,3,0.0,249.0
2022,5,KC,2,1.0,378.0
2022,5,LA,3,0.0,242.0
2022,5,LAC,2,1.0,443.0
2022,5,LV,2,0.0,369.0
2022,5,MIA,1,1.0,325.0
2022,5,MIN,1,0.0,271.0
2022,5,NE,1,6.0,313.0
2022,5,NO,3,1.0,396.0
2022,5,NYG,2,1.0,301.0
2022,5,NYJ,2,2.0,295.0
2022,5,PHI,1,0.0,363.0
2022,5,PIT,2,0.0,555.0
2022,5,SEA,1,0.0,444.0
2022,5,SF,3,2.0,308.0
2022,5,TB,0,0.0,263.0
2022,5,TEN,3,1.0,386.0
2022,5,WAS,5,0.0,241.0
2022,6,ARI,4,1.0,296.0
2022,6,ATL,2,1.0,346.0
2022,6,BAL,2,0.0,242.0
2022,6,BUF,2,0.0,387.0
2022,6,CAR,4,0.0,363.0
2022,6,CHI,2,0.0,214.0
2022,6,CIN,2,1.0,399.0
2022,6,CLE,3,0.0,403.0
2022,6,DAL,0,0.0,270.0
2022,6,DEN,3,2.0,297.0
2022,6,GB,5,0.0,281.0
2022,6,IND,2,1.0,380.0
2022,6,JAX,1,0.0,436.0
2022,6,KC,1,2.0,451.0
2022,6,LA,5,0.0,204.0
2022,6,LAC,4,0.0,258.0
2022,6,MIA,10,0.0,241.0
2022,6,MIN,3,1.0,458.0
2022,6,NE,1,2.0,328.0
2022,6,NO,2,0.0,349.0
2022,6,NYG,1,0.0,406.0
2022,6,NYJ,2,3.0,278.0
2022,6,PHI,1,1.0,315.0
2022,6,PIT,4,0.0,304.0
2022,6,SEA,3,4.0,315.0
2022,6,SF,1,0.0,289.0
2022,6,TB,4,0.0,273.0
2022,6,WAS,1,3.0,391.0
2022,7,ARI,2,0.0,495.0
2022,7,ATL,0,1.0,538.0
2022,7,BAL,2,0.0,336.0
2022,7,CAR,1,2.0,322.0
2022,7,CHI,4,1.0,261.0
2022,7,CIN,3,0.0,214.0
2022,7,CLE,3,0.0,255.0
2022,7,DAL,1,0.0,312.0
2022,7,DEN,7,0.0,261.0
2022,7,DET,3,0.0,332.0
2022,7,GB,3,0.0,364.0
2022,7,HOU,1,0.0,401.0
2022,7,IND,1,0.0,256.0
2022,7,JAX,0,1.0,436.0
2022,7,KC,0,0.0,445.0
2022,7,LAC,0,0.0,406.0
2022,7,LV,1,1.0,404.0
2022,7,MIA,4,0.0,341.0
2022,7,NE,1,1.0,391.0
2022,7,NO,3,0.0,331.0
2022,7,NYG,2,2.0,454.0
2022,7,NYJ,2,2.0,324.0
2022,7,PIT,3,1.0,373.0
2022,7,SEA,2,2.0,329.0
2022,7,SF,1,0.0,532.0
2022,7,TB,5,0.0,343.0
2022,7,TEN,2,0.0,292.0
2022,7,WAS,2,1.0,232.0
2022,8,ARI,4,1.0,381.0
2022,8,ATL,1,1.0,480.0
2022,8,BAL,3,0.0,349.0
2022,8,BUF,1,2.0,398.0
2022,8,CAR,1,0.0,407.0
2022,8,CHI,1,0.0,444.0
2022,8,CIN,1,0.0,443.0
2022,8,CLE,3,1.0,229.0
2022,8,DAL,4,1.0,371.0
2022,8,DEN,1,0.0,305.0
2022,8,DET,0,0.0,478.0
2022,8,GB,1,0.0,370.0
2022,8,HOU,3,0.0,355.0
2022,8,IND,2,1.0,362.0
2022,8,JAX,5,1.0,331.0
2022,8,LA,1,0.0,368.0
2022,8,LV,1,1.0,367.0
2022,8,MIA,0,1.0,393.0
2022,8,MIN,1,1.0,375.0
2022,8,NE,4,1.0,387.0
2022,8,NO,1,1.0,184.0
2022,8,NYG,1,0.0,278.0
2022,8,NYJ,3,1.0,294.0
2022,8,PHI,3,0.0,302.0
2022,8,PIT,2,0.0,402.0
2022,8,SEA,5,1.0,225.0
2022,8,SF,3,0.0,225.0
2022,8,TB,2,1.0,455.0
2022,8,TEN,5,0.0,162.0
2022,8,WAS,3,0.0,325.0
2022,9,ARI,2,1.0,423.0
2022,9,ATL,3,0.0,336.0
2022,9,BAL,4,0.0,243.0
2022,9,BUF,2,0.0,311.0
2022,9,CAR,1,0.0,467.0
2022,9,CHI,1,2.0,383.0
2022,9,CIN,4,0.0,228.0
2022,9,DET,0,3.0,390.0
2022,9,GB,2,2.0,257.0
2022,9,HOU,3,0.0,364.0
2022,9,IND,4,0.0,205.0
2022,9,JAX,2,2.0,321.0
2022,9,KC,5,1.0,230.0
2022,9,LA,5,2.0,323.0
2022,9,LAC,4,0.0,315.0
2022,9,LV,2,0.0,404.0
2022,9,MIA,1,1.0,371.0
2022,9,MIN,1,1.0,264.0
2022,9,NE,7,2.0,121.0
2022,9,NO,1,0.0,319.0
2022,9,NYJ,0,1.0,317.0
2022,9,PHI,1,0.0,303.0
2022,9,SEA,4,2.0,262.0
2022,9,TB,8,0.0,207.0
2022,9,TEN,2,0.0,501.0
2022,9,WAS,3,0.0,301.0
2022,10,ARI,3,0.0,257.0
2022,10,ATL,4,0.0,333.0
2022,10,BUF,2,2.0,482.0
2022,10,CAR,1,2.0,291.0
2022,10,CHI,2,0.0,324.0
2022,10,CLE,0,1.0,491.0
2022,10,DAL,2,0.0,418.0
2022,10,DEN,6,0.0,307.0
2022,10,DET,2,1.0,408.0
2022,10,GB,4,1.0,421.0
2022,10,HOU,2,0.0,368.0
2022,10,IND,5,2.0,309.0
2022,10,JAX,1,0.0,487.0
2022,10,KC,2,0.0,315.0
2022,10,LA,3,0.0,299.0
2022,10,LAC,2,0.0,388.0
2022,10,LV,2,0.0,417.0
2022,10,MIA,0,3.0,298.0
2022,10,MIN,3,1.0,486.0
2022,10,NO,1,0.0,381.0
2022,10,NYG,3,0.0,387.0
2022,10,PHI,1,0.0,334.0
2022,10,PIT,2,1.0,186.0
2022,10,SEA,2,0.0,422.0
2022,10,SF,2,1.0,238.0
2022,10,TB,2,0.0,283.0
2022,10,TEN,3,1.0,314.0
2022,10,WAS,3,0.0,264.0
2022,11,ARI,3,0.0,389.0
2022,11,ATL,1,0.0,288.0
2022,11,BAL,3,1.0,205.0
2022,11,BUF,2,1.0,397.0
2022,11,CAR,3,0.0,309.0
2022,11,CHI,0,0.0,283.0
2022,11,CIN,4,1.0,351.0
2022,11,CLE,2,0.0,358.0
2022,11,DAL,2,0.0,183.0
2022,11,DEN,2,0.0,407.0
2022,11,DET,1,1.0,413.0
2022,11,GB,3,1.0,411.0
2022,11,HOU,2,0.0,344.0
2022,11,IND,2,1.0,316.0
2022,11,KC,1,0.0,365.0
2022,11,LA,4,0.0,325.0
2022,11,LAC,2,0.0,486.0
2022,11,LV,2,0.0,320.0
2022,11,MIN,1,0.0,458.0
2022,11,NE,6,0.0,103.0
2022,11,NO,4,1.0,336.0
2022,11,NYG,3,0.0,328.0
2022,11,NYJ,5,1.0,297.0
2022,11,PHI,1,1.0,284.0
2022,11,PIT,2,0.0,410.0
2022,11,SF,2,2.0,314.0
2022,11,TEN,4,2.0,273.0
2022,11,WAS,4,0.0,149.0
2022,12,ARI,3,0.0,314.0
2022,12,ATL,1,0.0,315.0
2022,12,BAL,3,1.0,334.0
2022,12,BUF,1,0.0,328.0
2022,12,CAR,4,1.0,246.0
2022,12,CHI,2,1.0,467.0
2022,12,CIN,3,0.0,344.0
2022,12,CLE,6,0.0,325.0
2022,12,DAL,2,2.0,300.0
2022,12,DEN,4,0.0,350.0
2022,12,DET,2,0.0,401.0
2022,12,GB,1,1.0,501.0
2022,12,HOU,4,0.0,339.0
2022,12,IND,2,0.0,327.0
2022,12,JAX,0,1.0,418.0
2022,12,KC,3,0.0,199.0
2022,12,LA,0,0.0,437.0
2022,12,LAC,3,1.0,366.0
2022,12,LV,2,0.0,373.0
2022,12,MIA,3,0.0,210.0
2022,12,MIN,3,1.0,409.0
2022,12,NE,2,0.0,359.0
2022,12,NO,2,1.0,319.0
2022,12,NYG,1,1.0,431.0
2022,12,NYJ,3,1.0,293.0
2022,12,PHI,1,0.0,343.0
2022,12,PIT,3,1.0,290.0
2022,12,SEA,1,1.0,576.0
2022,12,SF,2,1.0,260.0
2022,12,TB,3,2.0,367.0
2022,12,TEN,4,0.0,378.0
2022,12,WAS,2,1.0,332.0
2022,13,ATL,1,0.0,352.0
2022,13,BAL,3,0.0,272.0
2022,13,BUF,4,0.0,242.0
2022,13,CHI,2,1.0,361.0
2022,13,CIN,1,0.0,349.0
2022,13,CLE,3,1.0,283.0
2022,13,DAL,2,0.0,312.0
2022,13,DEN,4,0.0,285.0
2022,13,DET,2,1.0,268.0
2022,13,GB,1,0.0,410.0
2022,13,HOU,2,0.0,305.0
2022,13,IND,3,0.0,385.0
2022,13,JAX,0,0.0,438.0
2022,13,KC,1,1.0,433.0
2022,13,LA,2,0.0,439.0
2022,13,LAC,1,0.0,404.0
2022,13,LV,1,2.0,387.0
2022,13,MIA,1,1.0,354.0
2022,13,MIN,0,3.0,486.0
2022,13,NE,1,0.0,359.0
2022,13,NO,1,0.0,351.0
2022,13,NYG,3,0.0,412.0
2022,13,NYJ,4,0.0,289.0
2022,13,PHI,4,1.0,209.0
2022,13,PIT,0,0.0,306.0
2022,13,SEA,2,1.0,319.0
2022,13,SF,3,1.0,308.0
2022,13,TB,5,0.0,298.0
2022,13,TEN,3,0.0,453.0
2022,13,WAS,4,0.0,317.0
2022,14,ARI,4,0.0,331.0
2022,14,BAL,1,0.0,329.0
2022,14,BUF,2,1.0,309.0
2022,14,CAR,2,0.0,287.0
2022,14,CIN,3,3.0,344.0
2022,14,CLE,1,0.0,366.0
2022,14,DAL,3,2.0,327.0
2022,14,DEN,3,0.0,434.0
2022,14,DET,2,1.0,416.0
2022,14,HOU,3,1.0,405.0
2022,14,JAX,3,1.0,366.0
2022,14,KC,5,1.0,320.0
2022,14,LA,3,0.0,302.0
2022,14,LAC,3,0.0,219.0
2022,14,LV,1,0.0,283.0
2022,14,MIA,3,1.0,434.0
2022,14,MIN,1,1.0,464.0
2022,14,NE,1,4.0,323.0
2022,14,NYG,2,0.0,438.0
2022,14,NYJ,5,0.0,233.0
2022,14,PHI,2,2.0,306.0
2022,14,PIT,1,1.0,315.0
2022,14,SEA,2,1.0,329.0
2022,14,SF,3,3.0,323.0
2022,14,TB,2,1.0,405.0
2022,14,TEN,1,1.0,429.0
2022,15,ARI,2,0.0,326.0
2022,15,ATL,2,1.0,349.0
2022,15,BAL,3,0.0,284.0
2022,15,BUF,1,0.0,405.0
2022,15,CAR,2,0.0,326.0
2022,15,CHI,2,1.0,425.0
2022,15,CIN,1,1.0,396.0
2022,15,CLE,0,3.0,324.0
2022,15,DAL,3,0.0,503.0
2022,15,DEN,6,0.0,240.0
2022,15,DET,2,0.0,337.0
2022,15,GB,2,0.0,156.0
2022,15,HOU,2,0.0,504.0
2022,15,IND,3,3.0,521.0
2022,15,JAX,2,0.0,397.0
2022,15,KC,2,0.0,221.0
2022,15,LA,0,0.0,348.0
2022,15,LAC,3,0.0,285.0
2022,15,LV,3,0.0,321.0
2022,15,MIA,2,0.0,451.0
2022,15,MIN,3,1.0,342.0
2022,15,NE,4,0.0,308.0
2022,15,NO,2,1.0,322.0
2022,15,NYG,1,1.0,387.0
2022,15,NYJ,0,1.0,359.0
2022,15,PHI,3,1.0,249.0
2022,15,PIT,4,0.0,209.0
2022,15,SEA,2,0.0,384.0
2022,15,SF,5,0.0,277.0
2022,15,TB,4,0.0,241.0
2022,15,TEN,3,0.0,365.0
2022,15,WAS,2,0.0,291.0
2022,16,ARI,3,1.0,397.0
2022,16,ATL,0,0.0,304.0
2022,16,BAL,3,3.0,327.0
2022,16,BUF,3,3.0,209.0
2022,16,CAR,4,1.0,381.0
2022,16,CHI,3,0.0,428.0
2022,16,CIN,3,1.0,286.0
2022,16,CLE,4,0.0,245.0
2022,16,DAL,0,1.0,442.0
2022,16,DEN,0,0.0,390.0
2022,16,DET,1,0.0,571.0
2022,16,GB,0,0.0,376.0
2022,16,HOU,4,1.0,272.0
2022,16,IND,3,0.0,317.0
2022,16,JAX,3,4.0,227.0
2022,16,KC,3,3.0,333.0
2022,16,LA,1,2.0,325.0
2022,16,LAC,2,3.0,174.0
2022,16,LV,2,0.0,350.0
2022,16,MIA,1,2.0,304.0
2022,16,MIN,2,0.0,447.0
2022,16,NE,2,0.0,443.0
2022,16,NO,3,2.0,249.0
2022,16,NYG,2,1.0,353.0
2022,16,NYJ,1,0.0,368.0
2022,16,PHI,1,0.0,421.0
2022,16,PIT,1,0.0,201.0
2022,16,SEA,4,1.0,297.0
2022,16,SF,3,2.0,349.0
2022,16,TB,5,0.0,325.0
2022,16,TEN,5,1.0,286.0
2022,16,WAS,2,1.0,371.0
2022,17,ARI,1,1.0,299.0
2022,17,ATL,1,1.0,339.0
2022,17,BAL,0,0.0,353.0
2022,17,CAR,2,0.0,480.0
2022,17,CHI,2,1.0,507.0
2022,17,CLE,1,2.0,260.0
2022,17,DAL,3,1.0,317.0
2022,17,DEN,3,0.0,375.0
2022,17,DET,6,1.0,230.0
2022,17,GB,2,1.0,346.0
2022,17,HOU,3,0.0,337.0
2022,17,IND,0,1.0,394.0
2022,17,JAX,4,4.0,277.0
2022,17,KC,2,1.0,307.0
2022,17,LA,1,0.0,431.0
2022,17,LAC,2,0.0,278.0
2022,17,LV,2,0.0,457.0
2022,17,MIA,4,1.0,251.0
2022,17,MIN,1,1.0,316.0
2022,17,NE,1,1.0,333.0
2022,17,NO,4,2.0,313.0
2022,17,NYG,0,0.0,252.0
2022,17,NYJ,2,1.0,346.0
2022,17,PHI,2,0.0,315.0
2022,17,PIT,3,0.0,240.0
2022,17,SEA,3,2.0,279.0
2022,17,SF,1,1.0,500.0
2022,17,TB,4,1.0,400.0
2022,17,TEN,2,0.0,361.0
2022,17,WAS,3,1.0,304.0
2022,18,ARI,3,1.0,311.0
2022,18,ATL,5,1.0,222.0
2022,18,BAL,5,1.0,257.0
2022,18,BUF,3,0.0,345.0
2022,18,CAR,2,1.0,304.0
2022,18,CHI,1,0.0,482.0
2022,18,CIN,2,2.0,386.0
2022,18,CLE,2,0.0,335.0
2022,18,DAL,6,0.0,310.0
2022,18,DEN,3,0.0,355.0
2022,18,DET,0,1.0,291.0
2022,18,GB,4,0.0,324.0
2022,18,HOU,2,1.0,398.0
2022,18,IND,1,0.0,362.0
2022,18,JAX,3,1.0,312.0
2022,18,KC,2,2.0,279.0
2022,18,LA,4,0.0,402.0
2022,18,LAC,4,0.0,471.0
2022,18,LV,2,0.0,351.0
2022,18,MIA,3,0.0,187.0
2022,18,MIN,1,3.0,261.0
2022,18,NE,0,0.0,330.0
2022,18,NO,4,0.0,203.0
2022,18,NYG,2,0.0,346.0
2022,18,NYJ,1,1.0,302.0
2022,18,PHI,3,1.0,284.0
2022,18,PIT,1,1.0,307.0
2022,18,SEA,2,0.0,270.0
2022,18,SF,3,2.0,256.0
2022,18,TB,3,0.0,382.0
2022,18,TEN,3,0.0,226.0
2022,18,WAS,10,2.0,182.0
2023,1,ARI,2,0.0,248.0
2023,1,ATL,4,2.0,281.0
2023,1,BAL,3,3.0,268.0
2023,1,BUF,1,0.0,291.0
2023,1,CAR,5,0.0,222.0
2023,1,CHI,3,1.0,329.0
2023,1,CIN,2,0.0,352.0
2023,1,CLE,7,1.0,144.0
2023,1,DAL,2,2.0,171.0
2023,1,DEN,0,0.0,267.0
2023,1,DET,2,1.0,316.0
2023,1,GB,2,1.0,313.0
2023,1,HOU,3,0.0,267.0
2023,1,IND,4,2.0,343.0
2023,1,JAX,5,4.0,280.0
2023,1,KC,4,2.0,371.0
2023,1,LA,3,0.0,180.0
2023,1,LAC,1,0.0,538.0
2023,1,LV,1,0.0,260.0
2023,1,MIA,3,1.0,433.0
2023,1,MIN,4,0.0,245.0
2023,1,NE,4,1.0,252.0
2023,1,NO,2,0.0,285.0
2023,1,NYG,2,1.0,265.0
2023,1,NYJ,1,0.0,314.0
2023,1,PHI,4,3.0,382.0
2023,1,PIT,0,0.0,394.0
2023,1,SEA,1,0.0,426.0
2023,1,SF,5,2.0,239.0
2023,1,TB,5,0.0,369.0
2023,1,TEN,2,0.0,354.0
2023,1,WAS,2,1.0,210.0
2023,2,ARI,2,0.0,439.0
2023,2,ATL,4,1.0,225.0
2023,2,BAL,3,0.0,282.0
2023,2,BUF,2,0.0,240.0
2023,2,CAR,1,0.0,345.0
2023,2,CHI,2,0.0,439.0
2023,2,CIN,1,0.0,416.0
2023,2,CLE,3,0.0,258.0
2023,2,DAL,4,0.0,215.0
2023,2,DEN,3,0.0,390.0
2023,2,DET,1,0.0,393.0
2023,2,GB,1,1.0,447.0
2023,2,HOU,4,0.0,353.0
2023,2,IND,1,0.0,390.0
2023,2,JAX,2,0.0,405.0
2023,2,KC,2,2.0,271.0
2023,2,LA,2,0.0,365.0
2023,2,LAC,4,1.0,341.0
2023,2,LV,1,1.0,452.0
2023,2,MIA,1,1.0,289.0
2023,2,MIN,3,0.0,430.0
2023,2,NE,3,0.0,390.0
2023,2,NO,3,0.0,241.0
2023,2,NYG,2,0.0,381.0
2023,2,NYJ,3,0.0,387.0
2023,2,PHI,2,0.0,374.0
2023,2,PIT,3,2.0,412.0
2023,2,SEA,1,2.0,418.0
2023,2,SF,1,1.0,386.0
2023,2,TB,3,0.0,236.0
2023,2,TEN,3,0.0,344.0
2023,2,WAS,3,0.0,399.0
2023,3,ARI,1,1.0,416.0
2023,3,ATL,3,0.0,361.0
2023,3,BAL,1,1.0,327.0
2023,3,BUF,2,1.0,230.0
2023,3,CAR,2,0.0,431.0
2023,3,CHI,0,0.0,457.0
2023,3,CIN,5,0.0,292.0
2023,3,CLE,4,0.0,94.0
2023,3,DAL,1,0.0,402.0
2023,3,DEN,1,2.0,727.0
2023,3,DET,4,1.0,183.0
2023,3,GB,3,0.0,252.0
2023,3,HOU,0,1.0,404.0
2023,3,IND,5,1.0,364.0
2023,3,JAX,2,0.0,366.0
2023,3,KC,2,1.0,203.0
2023,3,LA,3,0.0,311.0
2023,3,LAC,0,1.0,475.0
2023,3,LV,4,0.0,334.0
2023,3,MIA,4,1.0,363.0
2023,3,MIN,1,1.0,476.0
2023,3,NE,6,1.0,171.0
2023,3,NO,1,2.0,346.0
2023,3,NYG,2,0.0,444.0
2023,3,NYJ,3,0.0,358.0
2023,3,PHI,1,0.0,176.0
2023,3,PIT,4,1.0,364.0
2023,3,SEA,2,1.0,378.0
2023,3,SF,5,0.0,150.0
2023,3,TB,0,1.0,472.0
2023,3,TEN,1,0.0,341.0
2023,3,WAS,0,1.0,388.0
2023,4,ARI,0,0.0,397.0
2023,4,ATL,1,1.0,304.0
2023,4,BAL,3,0.0,167.0
2023,4,BUF,3,3.0,393.0
2023,4,CAR,2,1.0,265.0
2023,4,CHI,2,0.0,312.0
2023,4,CIN,2,0.0,401.0
2023,4,CLE,6,0.0,296.0
2023,4,DAL,4,2.0,253.0
2023,4,DEN,1,2.0,471.0
2023,4,DET,4,0.0,232.0
2023,4,GB,1,0.0,402.0
2023,4,HOU,3,1.0,225.0
2023,4,IND,1,0.0,467.0
2023,4,JAX,2,1.0,287.0
2023,4,KC,2,0.0,338.0
2023,4,LA,2,1.0,334.0
2023,4,LAC,4,0.0,264.0
2023,4,LV,3,1.0,316.0
2023,4,MIA,1,0.0,418.0
2023,4,MIN,3,1.0,232.0
2023,4,NE,1,1.0,382.0
2023,4,NO,2,0.0,356.0
2023,4,NYG,2,2.0,281.0
2023,4,NYJ,1,0.0,403.0
2023,4,PHI,2,0.0,365.0
2023,4,PIT,1,1.0,451.0
2023,4,SEA,2,2.0,248.0
2023,4,SF,1,1.0,362.0
2023,4,TB,2,1.0,198.0
2023,4,TEN,2,1.0,212.0
2023,4,WAS,1,0.0,417.0
2023,5,ARI,3,3.0,381.0
2023,5,ATL,3,0.0,313.0
2023,5,BAL,2,0.0,297.0
2023,5,BUF,2,0.0,477.0
2023,5,CAR,1,1.0,380.0
2023,5,CHI,2,1.0,390.0
2023,5,CIN,4,3.0,294.0
2023,5,DAL,2,1.0,422.0
2023,5,DEN,2,0.0,407.0
2023,5,DET,1,0.0,342.0
2023,5,GB,2,0.0,281.0
2023,5,HOU,2,0.0,451.0
2023,5,IND,1,1.0,349.0
2023,5,JAX,2,0.0,389.0
2023,5,KC,1,1.0,329.0
2023,5,LA,0,1.0,454.0
2023,5,LV,2,0.0,285.0
2023,5,MIA,2,1.0,268.0
2023,5,MIN,1,0.0,333.0
2023,5,NE,3,0.0,309.0
2023,5,NO,5,2.0,156.0
2023,5,NYG,2,0.0,525.0
2023,5,NYJ,4,0.0,310.0
2023,5,PHI,0,1.0,249.0
2023,5,PIT,1,2.0,335.0
2023,5,SF,4,1.0,199.0
2023,5,TEN,0,1.0,430.0
2023,5,WAS,2,0.0,451.0
2023,6,ARI,3,0.0,382.0
2023,6,ATL,3,0.0,195.0
2023,6,BAL,3,0.0,233.0
2023,6,BUF,3,1.0,317.0
2023,6,CAR,3,0.0,428.0
2023,6,CHI,4,1.0,226.0
2023,6,CIN,1,2.0,384.0
2023,6,CLE,5,0.0,216.0
2023,6,DAL,2,1.0,272.0
2023,6,DEN,0,1.0,391.0
2023,6,DET,1,1.0,251.0
2023,6,HOU,2,2.0,430.0
2023,6,IND,3,0.0,236.0
2023,6,JAX,3,3.0,354.0
2023,6,KC,2,1.0,199.0
2023,6,LA,1,2.0,346.0
2023,6,LAC,3,1.0,344.0
2023,6,LV,3,0.0,260.0
2023,6,MIA,2,4.0,296.0
2023,6,MIN,2,1.0,276.0
2023,6,NE,1,0.0,351.0
2023,6,NO,2,0.0,298.0
2023,6,NYG,2,0.0,297.0
2023,6,NYJ,1,1.0,348.0
2023,6,PHI,1,1.0,248.0
2023,6,SEA,2,0.0,215.0
2023,6,SF,2,0.0,335.0
2023,6,TB,1,0.0,381.0
2023,6,TEN,2,0.0,361.0
2023,6,WAS,2,2.0,402.0
2023,7,ARI,1,0.0,320.0
2023,7,ATL,2,1.0,330.0
2023,7,BAL,3,4.0,337.0
2023,7,BUF,1,0.0,364.0
2023,7,CHI,0,0.0,235.0
2023,7,CLE,5,0.0,456.0
2023,7,DEN,1,0.0,331.0
2023,7,DET,1,0.0,504.0
2023,7,GB,2,1.0,339.0
2023,7,IND,4,1.0,317.0
2023,7,JAX,3,2.0,409.0
2023,7,KC,3,0.0,359.0
2023,7,LA,3,0.0,306.0
2023,7,LAC,1,0.0,485.0
2023,7,LV,2,1.0,327.0
2023,7,MIA,0,0.0,359.0
2023,7,MIN,0,0.0,326.0
2023,7,NE,1,1.0,339.0
2023,7,NO,3,1.0,334.0
2023,7,NYG,8,1.0,273.0
2023,7,PHI,1,2.0,244.0
2023,7,PIT,1,0.0,356.0
2023,7,SEA,3,3.0,249.0
2023,7,SF,0,0.0,453.0
2023,7,TB,3,0.0,401.0
2023,7,WAS,5,0.0,360.0
2023,8,ARI,3,0.0,269.0
2023,8,ATL,3,0.0,378.0
2023,8,BAL,2,2.0,313.0
2023,8,BUF,3,0.0,302.0
2023,8,CAR,2,0.0,229.0
2023,8,CHI,2,1.0,352.0
2023,8,CIN,2,0.0,460.0
2023,8,CLE,4,0.0,363.0
2023,8,DAL,4,1.0,282.0
2023,8,DEN,1,2.0,274.0
2023,8,DET,2,3.0,157.0
2023,8,GB,0,0.0,347.0
2023,8,HOU,3,1.0,224.0
2023,8,IND,0,0.0,512.0
2023,8,JAX,5,2.0,261.0
2023,8,KC,2,1.0,240.0
2023,8,LA,2,0.0,390.0
2023,8,LAC,2,3.0,297.0
2023,8,LV,1,0.0,488.0
2023,8,MIA,3,1.0,220.0
2023,8,MIN,4,3.0,270.0
2023,8,NE,1,0.0,393.0
2023,8,NO,4,0.0,371.0
2023,8,NYG,6,1.0,251.0
2023,8,NYJ,11,0.0,194.0
2023,8,PHI,0,3.0,472.0
2023,8,PIT,2,0.0,379.0
2023,8,SEA,2,1.0,386.0
2023,8,SF,2,0.0,401.0
2023,8,TB,0,1.0,428.0
2023,8,TEN,4,1.0,343.0
2023,8,WAS,2,0.0,375.0
2023,9,ARI,5,1.0,326.0
2023,9,ATL,2,0.0,366.0
2023,9,BAL,5,1.0,152.0
2023,9,BUF,1,1.0,400.0
2023,9,CAR,2,0.0,201.0
2023,9,CHI,2,1.0,302.0
2023,9,CIN,2,0.0,319.0
2023,9,CLE,6,1.0,58.0
2023,9,DAL,4,0.0,292.0
2023,9,GB,3,2.0,187.0
2023,9,HOU,4,0.0,332.0
2023,9,IND,3,1.0,275.0
2023,9,KC,3,1.0,292.0
2023,9,LA,2,0.0,394.0
2023,9,LAC,3,1.0,270.0
2023,9,LV,3,4.0,277.0
2023,9,MIA,2,0.0,270.0
2023,9,MIN,0,0.0,370.0
2023,9,NE,2,0.0,433.0
2023,9,NO,2,0.0,368.0
2023,9,NYG,4,1.0,334.0
2023,9,NYJ,6,0.0,191.0
2023,9,PHI,1,2.0,407.0
2023,9,PIT,1,1.0,340.0
2023,9,SEA,1,1.0,517.0
2023,9,TB,3,0.0,498.0
2023,9,TEN,3,0.0,327.0
2023,9,WAS,2,1.0,329.0
2023,10,ARI,3,1.0,255.0
2023,10,ATL,2,0.0,354.0
2023,10,BAL,1,1.0,376.0
2023,10,BUF,2,0.0,306.0
2023,10,CAR,1,0.0,300.0
2023,10,CHI,3,0.0,213.0
2023,10,CIN,2,1.0,544.0
2023,10,CLE,1,0.0,306.0
2023,10,DAL,5,1.0,173.0
2023,10,DEN,1,1.0,371.0
2023,10,DET,2,0.0,421.0
2023,10,GB,2,0.0,324.0
2023,10,HOU,4,0.0,381.0
2023,10,IND,2,0.0,340.0
2023,10,JAX,3,1.0,440.0
2023,10,LAC,0,1.0,535.0
2023,10,LV,2,0.0,365.0
2023,10,MIN,5,0.0,284.0
2023,10,NE,2,0.0,265.0
2023,10,NO,5,0.0,388.0
2023,10,NYG,2,1.0,641.0
2023,10,NYJ,4,0.0,274.0
2023,10,PIT,3,0.0,399.0
2023,10,SEA,3,0.0,356.0
2023,10,SF,4,1.0,221.0
2023,10,TB,2,2.0,209.0
2023,10,TEN,4,0.0,341.0
2023,10,WAS,3,0.0,489.0
2023,11,ARI,2,1.0,420.0
2023,11,BAL,4,0.0,272.0
2023,11,BUF,2,1.0,155.0
2023,11,CAR,1,0.0,314.0
2023,11,CHI,1,0.0,341.0
2023,11,CIN,2,0.0,405.0
2023,11,CLE,4,0.0,250.0
2023,11,DAL,2,0.0,188.0
2023,11,DEN,0,1.0,385.0
2023,11,DET,1,0.0,335.0
2023,11,GB,3,2.0,395.0
2023,11,HOU,1,3.0,319.0
2023,11,JAX,3,0.0,237.0
2023,11,KC,5,0.0,241.0
2023,11,LA,3,0.0,292.0
2023,11,LAC,2,1.0,398.0
2023,11,LV,2,1.0,423.0
2023,11,MIA,4,2.0,296.0
2023,11,MIN,3,0.0,296.0
2023,11,NYG,3,0.0,404.0
2023,11,NYJ,1,0.0,395.0
2023,11,PHI,4,1.0,336.0
2023,11,PIT,5,0.0,259.0
2023,11,SEA,3,1.0,269.0
2023,11,SF,1,2.0,288.0
2023,11,TB,2,1.0,422.0
2023,11,TEN,1,1.0,389.0
2023,11,WAS,5,1.0,292.0
2023,12,ARI,1,0.0,457.0
2023,12,ATL,1,0.0,445.0
2023,12,BAL,2,2.0,279.0
2023,12,BUF,4,0.0,379.0
2023,12,CAR,2,0.0,267.0
2023,12,CHI,3,2.0,242.0
2023,12,CIN,0,0.0,424.0
2023,12,CLE,4,1.0,298.0
2023,12,DAL,0,3.0,376.0
2023,12,DEN,3,3.0,270.0
2023,12,DET,0,1.0,377.0
2023,12,GB,1,4.0,466.0
2023,12,HOU,1,0.0,448.0
2023,12,IND,2,0.0,298.0
2023,12,JAX,1,1.0,352.0
2023,12,KC,1,2.0,358.0
2023,12,LA,4,1.0,294.0
2023,12,LAC,1,2.0,363.0
2023,12,LV,2,0.0,362.0
2023,12,MIA,4,1.0,159.0
2023,12,MIN,1,0.0,321.0
2023,12,NE,3,0.0,221.0
2023,12,NO,1,1.0,397.0
2023,12,NYG,3,0.0,283.0
2023,12,NYJ,0,1.0,397.0
2023,12,PHI,1,0.0,506.0
2023,12,PIT,3,0.0,223.0
2023,12,SEA,3,0.0,379.0
2023,12,SF,3,1.0,220.0
2023,12,TB,2,1.0,395.0
2023,12,TEN,2,1.0,258.0
2023,12,WAS,1,0.0,433.0
2023,13,ARI,3,1.0,318.0
2023,13,ATL,4,1.0,259.0
2023,13,CAR,5,0.0,324.0
2023,13,CIN,3,0.0,376.0
2023,13,CLE,2,0.0,401.0
2023,13,DAL,0,3.0,406.0
2023,13,DEN,3,0.0,354.0
2023,13,DET,3,1.0,363.0
2023,13,GB,1,1.0,338.0
2023,13,HOU,4,0.0,283.0
2023,13,IND,3,1.0,382.0
2023,13,JAX,0,1.0,491.0
2023,13,KC,0,0.0,382.0
2023,13,LA,3,2.0,327.0
2023,13,LAC,4,2.0,257.0
2023,13,MIA,3,0.0,247.0
2023,13,NE,3,0.0,243.0
2023,13,NO,4,0.0,349.0
2023,13,NYJ,5,0.0,195.0
2023,13,PHI,2,0.0,457.0
2023,13,PIT,3,0.0,285.0
2023,13,SEA,0,1.0,414.0
2023,13,SF,2,1.0,333.0
2023,13,TB,6,2.0,284.0
2023,13,TEN,5,0.0,359.0
2023,13,WAS,2,0.0,406.0
2023,14,ATL,6,1.0,290.0
2023,14,BAL,2,0.0,411.0
2023,14,BUF,2,1.0,346.0
2023,14,CAR,3,0.0,209.0
2023,14,CHI,3,4.0,267.0
2023,14,CIN,2,1.0,275.0
2023,14,CLE,4,1.0,294.0
2023,14,DAL,1,1.0,324.0
2023,14,DEN,2,5.0,283.0
2023,14,DET,3,1.0,338.0
2023,14,GB,3,1.0,368.0
2023,14,HOU,3,0.0,348.0
2023,14,IND,2,0.0,385.0
2023,14,JAX,4,0.0,392.0
2023,14,KC,2,0.0,329.0
2023,14,LA,2,0.0,452.0
2023,14,LAC,3,0.0,326.0
2023,14,LV,3,0.0,231.0
2023,14,MIA,3,0.0,406.0
2023,14,MIN,5,0.0,202.0
2023,14,NE,4,2.0,267.0
2023,14,NO,2,6.0,303.0
2023,14,NYG,1,0.0,326.0
2023,14,NYJ,4,3.0,135.0
2023,14,PHI,1,0.0,394.0
2023,14,PIT,5,0.0,303.0
2023,14,SEA,2,0.0,528.0
2023,14,SF,2,1.0,324.0
2023,14,TB,2,0.0,436.0
2023,14,TEN,3,1.0,366.0
2023,15,ARI,2,0.0,408.0
2023,15,ATL,4,2.0,286.0
2023,15,BAL,2,1.0,333.0
2023,15,BUF,2,1.0,195.0
2023,15,CAR,2,1.0,205.0
2023,15,CHI,5,0.0,377.0
2023,15,CIN,3,1.0,424.0
2023,15,CLE,8,2.0,236.0
2023,15,DAL,2,0.0,354.0
2023,15,DEN,2,0.0,448.0
2023,15,DET,2,0.0,288.0
2023,15,GB,1,0.0,454.0
2023,15,HOU,2,0.0,204.0
2023,15,IND,2,1.0,216.0
2023,15,JAX,1,0.0,396.0
2023,15,KC,5,1.0,206.0
2023,15,LA,4,2.0,297.0
2023,15,LAC,5,0.0,378.0
2023,15,LV,3,1.0,326.0
2023,15,MIA,3,2.0,103.0
2023,15,MIN,2,0.0,381.0
2023,15,NE,2,1.0,331.0
2023,15,NO,4,2.0,193.0
2023,15,NYG,1,0.0,300.0
2023,15,NYJ,2,0.0,292.0
2023,15,PHI,4,0.0,299.0
2023,15,PIT,2,1.0,373.0
2023,15,SEA,3,0.0,321.0
2023,15,SF,2,1.0,436.0
2023,15,TB,1,2.0,322.0
2023,15,TEN,2,0.0,340.0
2023,15,WAS,2,0.0,447.0
2023,16,ARI,3,0.0,420.0
2023,16,ATL,1,2.0,263.0
2023,16,BAL,1,2.0,429.0
2023,16,BUF,1,0.0,270.0
2023,16,CAR,3,0.0,369.0
2023,16,CHI,4,1.0,306.0
2023,16,CIN,3,0.0,397.0
2023,16,CLE,1,2.0,250.0
2023,16,DAL,1,1.0,377.0
2023,16,DEN,7,0.0,289.0
2023,16,DET,2,1.0,390.0
2023,16,GB,1,1.0,396.0
2023,16,HOU,1,2.0,423.0
2023,16,IND,2,0.0,406.0
2023,16,JAX,2,1.0,338.0
2023,16,KC,3,0.0,211.0
2023,16,LA,0,3.0,342.0
2023,16,LAC,1,0.0,335.0
2023,16,LV,3,2.0,308.0
2023,16,MIA,2,0.0,340.0
2023,16,MIN,2,0.0,391.0
2023,16,NE,5,1.0,280.0
2023,16,NO,1,0.0,462.0
2023,16,NYG,2,0.0,465.0
2023,16,NYJ,5,0.0,245.0
2023,16,PHI,2,2.0,294.0
2023,16,PIT,1,2.0,370.0
2023,16,SEA,1,0.0,287.0
2023,16,SF,2,0.0,344.0
2023,16,TB,1,2.0,305.0
2023,16,TEN,1,0.0,273.0
2023,16,WAS,1,1.0,381.0
2023,17,ARI,2,0.0,275.0
2023,17,ATL,3,1.0,432.0
2023,17,BAL,0,2.0,375.0
2023,17,BUF,3,0.0,295.0
2023,17,CAR,2,0.0,321.0
2023,17,CHI,3,1.0,307.0
2023,17,CIN,1,0.0,375.0
2023,17,CLE,4,1.0,360.0
2023,17,DAL,3,1.0,420.0
2023,17,DEN,2,1.0,301.0
2023,17,DET,1,0.0,384.0
2023,17,GB,2,2.0,212.0
2023,17,HOU,4,2.0,187.0
2023,17,IND,1,0.0,370.0
2023,17,JAX,6,3.0,124.0
2023,17,KC,3,2.0,263.0
2023,17,LA,2,2.0,389.0
2023,17,LAC,0,0.0,315.0
2023,17,LV,2,0.0,350.0
2023,17,MIA,1,0.0,493.0
2023,17,MIN,1,1.0,472.0
2023,17,NE,3,0.0,283.0
2023,17,NO,4,0.0,350.0
2023,17,NYG,3,1.0,392.0
2023,17,NYJ,2,1.0,428.0
2023,17,PHI,0,0.0,449.0
2023,17,PIT,3,0.0,369.0
2023,17,SEA,0,1.0,469.0
2023,17,SF,3,1.0,225.0
2023,17,TB,4,0.0,313.0
2023,17,TEN,2,0.0,312.0
2023,17,WAS,1,1.0,410.0
2023,18,ARI,2,0.0,329.0
2023,18,ATL,2,0.0,400.0
2023,18,BAL,3,0.0,290.0
2023,18,BUF,3,0.0,275.0
2023,18,CAR,2,0.0,230.0
2023,18,CHI,0,0.0,434.0
2023,18,CIN,4,0.0,245.0
2023,18,CLE,5,0.0,328.0
2023,18,DAL,1,1.0,181.0
2023,18,DEN,4,0.0,361.0
2023,18,DET,2,1.0,448.0
2023,18,GB,0,0.0,192.0
2023,18,HOU,2,1.0,362.0
2023,18,IND,2,1.0,306.0
2023,18,JAX,1,1.0,330.0
2023,18,KC,3,1.0,353.0
2023,18,LA,2,0.0,300.0
2023,18,LAC,1,0.0,269.0
2023,18,LV,2,1.0,287.0
2023,18,MIA,0,2.0,475.0
2023,18,MIN,3,0.0,381.0
2023,18,NE,6,1.0,256.0
2023,18,NO,5,1.0,389.0
2023,18,NYG,2,1.0,299.0
2023,18,NYJ,7,3.0,119.0
2023,18,PHI,2,0.0,415.0
2023,18,PIT,4,0.0,225.0
2023,18,SEA,1,0.0,466.0
2023,18,SF,0,1.0,261.0
2023,18,TB,3,0.0,199.0
2023,18,TEN,1,3.0,362.0
2023,18,WAS,0,0.0,440.0
2024,1,ARI,1,0.0,353.0
2024,1,ATL,2,1.0,270.0
2024,1,BAL,0,0.0,354.0
2024,1,BUF,2,1.0,273.0
2024,1,CAR,2,0.0,379.0
2024,1,CHI,5,1.0,244.0
2024,1,CIN,3,0.0,292.0
2024,1,CLE,5,0.0,266.0
2024,1,DAL,6,2.0,230.0
2024,1,DEN,3,0.0,308.0
2024,1,DET,2,1.0,387.0
2024,1,GB,2,0.0,410.0
2024,1,HOU,2,1.0,303.0
2024,1,IND,1,0.0,419.0
2024,1,JAX,1,2.0,400.0
2024,1,KC,0,1.0,452.0
2024,1,LA,4,0.0,363.0
2024,1,LAC,4,1.0,296.0
2024,1,LV,5,0.0,318.0
2024,1,MIA,4,1.0,267.0
2024,1,MIN,3,2.0,240.0
2024,1,NE,4,1.0,224.0
2024,1,NO,3,2.0,193.0
2024,1,NYG,1,0.0,313.0
2024,1,NYJ,1,0.0,402.0
2024,1,PHI,0,0.0,414.0
2024,1,PIT,2,0.0,226.0
2024,1,SEA,7,0.0,231.0
2024,1,SF,3,1.0,267.0
2024,1,TB,2,0.0,301.0
2024,1,TEN,2,0.0,152.0
2024,1,WAS,1,0.0,394.0
2024,2,ARI,4,2.0,245.0
2024,2,ATL,1,1.0,368.0
2024,2,BAL,2,1.0,261.0
2024,2,BUF,1,4.0,351.0
2024,2,CAR,1,0.0,353.0
2024,2,CHI,4,0.0,311.0
2024,2,CIN,1,0.0,286.0
2024,2,CLE,2,0.0,323.0
2024,2,DAL,0,0.0,435.0
2024,2,DEN,4,0.0,251.0
2024,2,DET,2,0.0,217.0
2024,2,GB,2,1.0,338.0
2024,2,HOU,4,1.0,205.0
2024,2,IND,2,0.0,383.0
2024,2,JAX,3,0.0,297.0
2024,2,KC,1,0.0,320.0
2024,2,LA,1,0.0,489.0
2024,2,LAC,6,2.0,159.0
2024,2,LV,4,0.0,358.0
2024,2,MIA,1,0.0,250.0
2024,2,MIN,1,2.0,396.0
2024,2,NE,3,1.0,359.0
2024,2,NO,1,2.0,353.0
2024,2,NYG,0,0.0,427.0
2024,2,NYJ,5,1.0,300.0
2024,2,PHI,0,1.0,387.0
2024,2,PIT,5,1.0,295.0
2024,2,SEA,6,0.0,310.0
2024,2,SF,1,0.0,405.0
2024,2,TB,0,2.0,463.0
2024,2,TEN,3,0.0,266.0
2024,2,WAS,1,1.0,304.0
2024,3,ARI,1,1.0,375.0
2024,3,ATL,3,0.0,358.0
2024,3,BAL,1,1.0,412.0
2024,3,BUF,1,4.0,239.0
2024,3,CAR,5,2.0,333.0
2024,3,CHI,2,1.0,310.0
2024,3,CIN,0,0.0,358.0
2024,3,CLE,3,0.0,344.0
2024,3,DAL,2,0.0,458.0
2024,3,DEN,2,2.0,223.0
2024,3,DET,3,2.0,277.0
2024,3,GB,2,1.0,237.0
2024,3,HOU,2,0.0,274.0
2024,3,IND,1,1.0,395.0
2024,3,JAX,1,0.0,389.0
2024,3,KC,2,2.0,312.0
2024,3,LA,0,0.0,425.0
2024,3,LAC,3,0.0,348.0
2024,3,LV,2,0.0,439.0
2024,3,MIA,3,0.0,372.0
2024,3,MIN,2,2.0,296.0
2024,3,NE,0,0.0,400.0
2024,3,NO,1,2.0,466.0
2024,3,NYG,2,2.0,220.0
2024,3,NYJ,2,0.0,139.0
2024,3,PHI,2,1.0,220.0
2024,3,PIT,5,0.0,166.0
2024,3,SEA,3,3.0,205.0
2024,3,SF,1,0.0,296.0
2024,3,TB,2,1.0,354.0
2024,3,TEN,3,0.0,378.0
2024,3,WAS,0,0.0,436.0
2024,4,ARI,1,0.0,451.0
2024,4,ATL,0,1.0,366.0
2024,4,BAL,4,0.0,236.0
2024,4,BUF,3,0.0,427.0
2024,4,CAR,1,0.0,373.0
2024,4,CHI,1,0.0,323.0
2024,4,CIN,2,2.0,376.0
2024,4,CLE,2,0.0,270.0
2024,4,DAL,1,1.0,304.0
2024,4,DEN,3,1.0,248.0
2024,4,DET,0,1.0,516.0
2024,4,GB,4,1.0,377.0
2024,4,HOU,2,1.0,314.0
2024,4,IND,1,2.0,404.0
2024,4,JAX,2,0.0,435.0
2024,4,KC,4,1.0,224.0
2024,4,LA,2,0.0,266.0
2024,4,LAC,2,0.0,332.0
2024,4,LV,2,1.0,241.0
2024,4,MIA,3,0.0,244.0
2024,4,MIN,3,2.0,467.0
2024,4,NE,1,0.0,432.0
2024,4,NO,1,0.0,315.0
2024,4,NYG,2,0.0,294.0
2024,4,NYJ,5,0.0,190.0
2024,4,PHI,0,0.0,446.0
2024,4,PIT,2,0.0,359.0
2024,4,SEA,3,0.0,391.0
2024,4,SF,1,2.0,213.0
2024,4,TB,4,1.0,228.0
2024,4,TEN,5,2.0,184.0
2024,4,WAS,2,1.0,296.0
2024,5,ARI,1,1.0,384.0
2024,5,ATL,2,0.0,334.0
2024,5,BAL,4,0.0,444.0
2024,5,BUF,3,1.0,425.0
2024,5,CAR,3,1.0,428.0
2024,5,CHI,2,2.0,292.0
2024,5,CIN,1,0.0,521.0
2024,5,CLE,3,0.0,434.0
2024,5,DAL,2,0.0,226.0
2024,5,DEN,4,1.0,332.0
2024,5,GB,1,2.0,370.0
2024,5,HOU,4,0.0,276.0
2024,5,IND,1,1.0,497.0
2024,5,JAX,3,0.0,448.0
2024,5,KC,3,2.0,220.0
2024,5,LA,3,0.0,330.0
2024,5,LV,3,0.0,293.0
2024,5,MIA,5,1.0,299.0
2024,5,MIN,5,1.0,254.0
2024,5,NE,1,1.0,372.0
2024,5,NO,1,0.0,463.0
2024,5,NYG,1,2.0,333.0
2024,5,NYJ,2,1.0,255.0
2024,5,PIT,1,0.0,445.0
2024,5,SEA,3,1.0,422.0
2024,5,SF,2,0.0,363.0
2024,5,TB,0,1.0,550.0
2024,5,WAS,5,1.0,212.0
2024,6,ARI,0,0.0,439.0
2024,6,ATL,2,1.0,335.0
2024,6,BAL,1,0.0,305.0
2024,6,BUF,0,0.0,393.0
2024,6,CAR,1,0.0,430.0
2024,6,CHI,3,0.0,279.0
2024,6,CIN,1,2.0,310.0
2024,6,CLE,2,0.0,376.0
2024,6,DAL,0,1.0,494.0
2024,6,DEN,2,0.0,353.0
2024,6,DET,2,3.0,251.0
2024,6,GB,3,0.0,303.0
2024,6,HOU,2,0.0,291.0
2024,6,IND,3,0.0,241.0
2024,6,JAX,2,0.0,376.0
2024,6,LAC,3,0.0,316.0
2024,6,LV,1,0.0,295.0
2024,6,NE,2,0.0,369.0
2024,6,NO,2,0.0,594.0
2024,6,NYG,3,0.0,306.0
2024,6,NYJ,3,0.0,362.0
2024,6,PHI,3,0.0,244.0
2024,6,PIT,3,2.0,275.0
2024,6,SEA,2,0.0,484.0
2024,6,SF,2,1.0,358.0
2024,6,TB,4,0.0,303.0
2024,6,TEN,3,0.0,269.0
2024,6,WAS,1,0.0,486.0
2024,7,ARI,1,0.0,395.0
2024,7,ATL,1,0.0,339.0
2024,7,BAL,0,0.0,484.0
2024,7,BUF,2,1.0,289.0
2024,7,CAR,1,0.0,424.0
2024,7,CIN,3,1.0,340.0
2024,7,CLE,4,1.0,226.0
2024,7,DEN,3,1.0,272.0
2024,7,DET,2,0.0,383.0
2024,7,GB,3,0.0,198.0
2024,7,HOU,4,0.0,277.0
2024,7,IND,3,1.0,337.0
2024,7,JAX,2,1.0,295.0
2024,7,KC,3,0.0,310.0
2024,7,LA,2,0.0,317.0
2024,7,LAC,1,1.0,329.0
2024,7,LV,2,1.0,261.0
2024,7,MIA,6,0.0,285.0
2024,7,MIN,3,1.0,395.0
2024,7,NE,0,1.0,366.0
2024,7,NO,2,0.0,391.0
2024,7,NYG,5,0.0,340.0
2024,7,NYJ,3,0.0,409.0
2024,7,PHI,6,0.0,119.0
2024,7,PIT,3,1.0,325.0
2024,7,SEA,1,0.0,370.0
2024,7,SF,2,1.0,331.0
2024,7,TB,1,0.0,508.0
2024,7,TEN,4,0.0,389.0
2024,7,WAS,4,1.0,181.0
2024,8,ARI,0,0.0,377.0
2024,8,ATL,1,1.0,433.0
2024,8,BAL,2,0.0,401.0
2024,8,BUF,3,1.0,234.0
2024,8,CAR,1,1.0,402.0
2024,8,CHI,2,0.0,481.0
2024,8,CIN,0,0.0,397.0
2024,8,CLE,2,2.0,387.0
2024,8,DAL,2,1.0,470.0
2024,8,DEN,3,3.0,284.0
2024,8,DET,2,1.0,416.0
2024,8,GB,5,0.0,390.0
2024,8,HOU,4,0.0,304.0
2024,8,IND,4,0.0,363.0
2024,8,JAX,2,0.0,425.0
2024,8,KC,2,1.0,229.0
2024,8,LA,2,0.0,277.0
2024,8,LAC,2,0.0,366.0
2024,8,LV,1,0.0,337.0
2024,8,MIA,2,0.0,390.0
2024,8,MIN,0,0.0,390.0
2024,8,NE,2,0.0,336.0
2024,8,NO,4,1.0,379.0
2024,8,NYG,1,0.0,427.0
2024,8,NYJ,3,0.0,250.0
2024,8,PHI,0,1.0,281.0
2024,8,PIT,2,0.0,394.0
2024,8,SEA,2,0.0,448.0
2024,8,SF,3,1.0,293.0
2024,8,TB,0,0.0,394.0
2024,8,TEN,3,0.0,225.0
2024,8,WAS,4,1.0,309.0
2024,9,ARI,3,2.0,242.0
2024,9,ATL,1,4.0,380.0
2024,9,BAL,2,4.0,320.0
2024,9,BUF,0,0.0,374.0
2024,9,CAR,3,1.0,427.0
2024,9,CHI,2,1.0,350.0
2024,9,CIN,3,1.0,217.0
2024,9,CLE,5,0.0,344.0
2024,9,DAL,2,0.0,321.0
2024,9,DEN,2,0.0,397.0
2024,9,DET,1,1.0,413.0
2024,9,GB,2,0.0,263.0
2024,9,HOU,3,0.0,294.0
2024,9,IND,0,0.0,416.0
2024,9,JAX,2,2.0,449.0
2024,9,KC,3,0.0,284.0
2024,9,LA,4,1.0,425.0
2024,9,LAC,4,1.0,292.0
2024,9,LV,2,0.0,375.0
2024,9,MIA,1,0.0,327.0
2024,9,MIN,1,1.0,228.0
2024,9,NE,1,1.0,400.0
2024,9,NO,2,0.0,249.0
2024,9,NYG,2,0.0,360.0
2024,9,NYJ,1,0.0,323.0
2024,9,PHI,3,1.0,220.0
2024,9,SEA,6,0.0,366.0
2024,9,TB,3,0.0,384.0
2024,9,TEN,2,0.0,295.0
2024,9,WAS,2,0.0,326.0
2024,10,ARI,1,2.0,207.0
2024,10,ATL,5,1.0,366.0
2024,10,BAL,1,2.0,470.0
2024,10,BUF,2,1.0,361.0
2024,10,CAR,3,0.0,343.0
2024,10,CHI,4,0.0,329.0
2024,10,CIN,4,0.0,392.0
2024,10,DAL,2,0.0,349.0
2024,10,DEN,2,0.0,300.0
2024,10,DET,3,0.0,248.0
2024,10,HOU,3,0.0,345.0
2024,10,IND,0,1.0,416.0
2024,10,JAX,2,0.0,403.0
2024,10,KC,3,0.0,260.0
2024,10,LA,1,0.0,239.0
2024,10,LAC,2,0.0,289.0
2024,10,MIA,2,0.0,327.0
2024,10,MIN,3,0.0,143.0
2024,10,NE,4,2.0,142.0
2024,10,NO,2,1.0,468.0
2024,10,NYG,5,0.0,306.0
2024,10,NYJ,0,0.0,407.0
2024,10,PHI,5,0.0,146.0
2024,10,PIT,5,1.0,242.0
2024,10,SF,4,0.0,215.0
2024,10,TB,0,0.0,414.0
2024,10,TEN,2,0.0,311.0
2024,10,WAS,2,1.0,315.0
2024,11,ATL,2,0.0,400.0
2024,11,BAL,4,1.0,305.0
2024,11,BUF,3,1.0,259.0
2024,11,CHI,0,1.0,367.0
2024,11,CIN,5,0.0,435.0
2024,11,CLE,0,0.0,475.0
2024,11,DAL,1,1.0,391.0
2024,11,DEN,2,0.0,226.0
2024,11,DET,4,1.0,170.0
2024,11,GB,0,0.0,391.0
2024,11,HOU,1,4.0,388.0
2024,11,IND,5,1.0,253.0
2024,11,JAX,0,0.0,647.0
2024,11,KC,1,1.0,368.0
2024,11,LA,0,0.0,382.0
2024,11,LAC,3,0.0,452.0
2024,11,LV,0,0.0,353.0
2024,11,MIA,0,0.0,328.0
2024,11,MIN,2,2.0,294.0
2024,11,NE,1,0.0,405.0
2024,11,NO,2,2.0,445.0
2024,11,NYJ,4,1.0,332.0
2024,11,PHI,3,1.0,266.0
2024,11,PIT,3,0.0,330.0
2024,11,SEA,1,0.0,277.0
2024,11,SF,0,1.0,289.0
2024,11,TEN,2,0.0,319.0
2024,11,WAS,2,0.0,435.0
2024,12,ARI,1,0.0,287.0
2024,12,BAL,2,0.0,285.0
2024,12,CAR,1,0.0,391.0
2024,12,CHI,3,1.0,452.0
2024,12,CLE,1,2.0,368.0
2024,12,DAL,4,0.0,414.0
2024,12,DEN,2,0.0,369.0
2024,12,DET,2,1.0,270.0
2024,12,GB,3,2.0,242.0
2024,12,HOU,2,0.0,371.0
2024,12,IND,1,1.0,391.0
2024,12,KC,1,0.0,336.0
2024,12,LA,0,1.0,483.0
2024,12,LAC,1,0.0,391.0
2024,12,LV,2,0.0,325.0
2024,12,MIA,4,2.0,272.0
2024,12,MIN,5,1.0,400.0
2024,12,NE,2,0.0,375.0
2024,12,NYG,1,1.0,451.0
2024,12,PHI,3,0.0,290.0
2024,12,PIT,3,0.0,306.0
2024,12,SEA,2,1.0,298.0
2024,12,SF,3,1.0,325.0
2024,12,TB,2,2.0,246.0
2024,12,TEN,2,0.0,260.0
2024,12,WAS,4,0.0,332.0
2024,13,ARI,2,0.0,274.0
2024,13,ATL,1,1.0,192.0
2024,13,BAL,4,0.0,254.0
2024,13,BUF,2,0.0,239.0
2024,13,CAR,3,0.0,447.0
2024,13,CHI,1,0.0,405.0
2024,13,CIN,1,0.0,522.0
2024,13,CLE,5,0.0,402.0
2024,13,DAL,4,0.0,247.0
2024,13,DEN,2,0.0,554.0
2024,13,DET,4,2.0,301.0
2024,13,GB,1,2.0,377.0
2024,13,HOU,3,0.0,375.0
2024,13,IND,1,0.0,424.0
2024,13,JAX,2,0.0,328.0
2024,13,KC,0,1.0,434.0
2024,13,LA,1,1.0,329.0
2024,13,LAC,1,2.0,350.0
2024,13,LV,4,0.0,330.0
2024,13,MIA,2,0.0,388.0
2024,13,MIN,0,1.0,406.0
2024,13,NE,2,0.0,256.0
2024,13,NO,1,1.0,325.0
2024,13,NYG,2,1.0,320.0
2024,13,NYJ,2,1.0,260.0
2024,13,PHI,3,1.0,372.0
2024,13,PIT,2,0.0,375.0
2024,13,SEA,2,2.0,261.0
2024,13,SF,3,0.0,375.0
2024,13,TB,4,0.0,367.0
2024,13,TEN,1,0.0,464.0
2024,13,WAS,3,1.0,245.0
2024,14,ARI,3,0.0,409.0
2024,14,ATL,1,0.0,436.0
2024,14,BUF,2,0.0,457.0
2024,14,CAR,2,0.0,295.0
2024,14,CHI,1,0.0,453.0
2024,14,CIN,3,1.0,322.0
2024,14,CLE,6,0.0,269.0
2024,14,DAL,1,1.0,435.0
2024,14,DET,2,0.0,299.0
2024,14,GB,1,1.0,391.0
2024,14,JAX,1,3.0,272.0
2024,14,KC,3,0.0,288.0
2024,14,LA,1,0.0,445.0
2024,14,LAC,2,0.0,300.0
2024,14,LV,1,0.0,420.0
2024,14,MIA,2,0.0,402.0
2024,14,MIN,0,2.0,498.0
2024,14,NO,6,2.0,327.0
2024,14,NYG,5,1.0,293.0
2024,14,NYJ,1,0.0,377.0
2024,14,PHI,0,2.0,303.0
2024,14,PIT,3,1.0,300.0
2024,14,SEA,2,0.0,359.0
2024,14,SF,5,0.0,162.0
2024,14,TB,3,0.0,287.0
2024,14,TEN,3,0.0,293.0
2024,15,ARI,2,1.0,311.0
2024,15,ATL,3,0.0,249.0
2024,15,BAL,2,2.0,237.0
2024,15,BUF,2,0.0,521.0
2024,15,CAR,1,0.0,411.0
2024,15,CHI,2,1.0,329.0
2024,15,CIN,1,0.0,374.0
2024,15,CLE,6,1.0,313.0
2024,15,DAL,4,0.0,235.0
2024,15,DEN,4,2.0,310.0
2024,15,DET,0,0.0,560.0
2024,15,GB,4,0.0,208.0
2024,15,HOU,2,0.0,224.0
2024,15,IND,3,0.0,196.0
2024,15,JAX,1,0.0,402.0
2024,15,KC,2,1.0,267.0
2024,15,LA,4,0.0,191.0
2024,15,LAC,0,0.0,506.0
2024,15,LV,0,0.0,261.0
2024,15,MIA,4,0.0,148.0
2024,15,MIN,1,2.0,285.0
2024,15,NE,0,0.0,396.0
2024,15,NO,0,0.0,326.0
2024,15,NYG,0,0.0,446.0
2024,15,NYJ,1,0.0,421.0
2024,15,PHI,4,0.0,163.0
2024,15,PIT,1,0.0,402.0
2024,15,SEA,4,1.0,369.0
2024,15,SF,4,0.0,302.0
2024,15,TB,2,2.0,206.0
2024,15,TEN,0,0.0,370.0
2024,15,WAS,2,0.0,245.0
2024,16,ARI,3,0.0,393.0
2024,16,ATL,3,1.0,234.0
2024,16,BAL,3,1.0,315.0
2024,16,BUF,1,0.0,379.0
2024,16,CAR,2,0.0,382.0
2024,16,CHI,0,1.0,476.0
2024,16,CIN,3,2.0,273.0
2024,16,CLE,3,0.0,327.0
2024,16,DAL,1,1.0,410.0
2024,16,DEN,2,1.0,399.0
2024,16,DET,1,1.0,382.0
2024,16,GB,1,2.0,196.0
2024,16,HOU,1,1.0,377.0
2024,16,IND,4,0.0,312.0
2024,16,JAX,2,0.0,323.0
2024,16,KC,2,0.0,311.0
2024,16,LA,0,3.0,321.0
2024,16,LAC,3,0.0,355.0
2024,16,LV,3,1.0,308.0
2024,16,MIA,2,1.0,374.0
2024,16,MIN,4,0.0,361.0
2024,16,NE,0,0.0,324.0
2024,16,NO,1,0.0,406.0
2024,16,NYG,1,0.0,332.0
2024,16,NYJ,1,0.0,246.0
2024,16,PHI,2,1.0,370.0
2024,16,PIT,0,0.0,421.0
2024,16,SEA,4,0.0,301.0
2024,16,SF,0,0.0,382.0
2024,16,TB,4,0.0,321.0
2024,16,TEN,2,0.0,458.0
2024,16,WAS,2,0.0,338.0
2024,17,ARI,3,0.0,258.0
2024,17,ATL,2,0.0,413.0
2024,17,BAL,2,2.0,211.0
2024,17,BUF,2,1.0,283.0
2024,17,CAR,1,0.0,553.0
2024,17,CHI,3,0.0,266.0
2024,17,CIN,3,0.0,329.0
2024,17,CLE,3,1.0,281.0
2024,17,DAL,3,0.0,378.0
2024,17,DEN,0,2.0,500.0
2024,17,DET,0,0.0,475.0
2024,17,GB,1,0.0,444.0
2024,17,HOU,0,0.0,432.0
2024,17,IND,3,1.0,394.0
2024,17,JAX,0,1.0,337.0
2024,17,KC,2,1.0,364.0
2024,17,LA,0,2.0,396.0
2024,17,LAC,4,3.0,181.0
2024,17,LV,4,0.0,269.0
2024,17,MIA,5,4.0,276.0
2024,17,MIN,3,1.0,273.0
2024,17,NE,0,0.0,428.0
2024,17,NO,3,0.0,390.0
2024,17,NYG,1,1.0,446.0
2024,17,NYJ,1,1.0,349.0
2024,17,PHI,3,0.0,268.0
2024,17,PIT,3,0.0,389.0
2024,17,SEA,3,1.0,179.0
2024,17,SF,0,1.0,444.0
2024,17,TB,3,1.0,204.0
2024,17,TEN,2,0.0,296.0
2024,17,WAS,2,0.0,337.0
2024,18,ARI,2,1.0,437.0
2024,18,ATL,3,0.0,426.0
2024,18,BAL,2,2.0,231.0
2024,18,BUF,2,0.0,312.0
2024,18,CAR,0,1.0,537.0
2024,18,CHI,0,1.0,367.0
2024,18,CIN,4,2.0,193.0
2024,18,CLE,2,3.0,437.0
2024,18,DAL,3,0.0,270.0
2024,18,DEN,4,1.0,98.0
2024,18,DET,1,3.0,263.0
2024,18,GB,3,0.0,224.0
2024,18,HOU,4,1.0,316.0
2024,18,IND,3,1.0,321.0
2024,18,JAX,1,1.0,429.0
2024,18,KC,0,0.0,480.0
2024,18,LA,3,0.0,337.0
2024,18,LAC,3,1.0,265.0
2024,18,LV,1,0.0,476.0
2024,18,MIA,1,1.0,377.0
2024,18,MIN,1,2.0,394.0
2024,18,NE,2,3.0,259.0
2024,18,NO,2,0.0,396.0
2024,18,NYG,2,1.0,304.0
2024,18,NYJ,2,0.0,334.0
2024,18,PHI,3,2.0,238.0
2024,18,PIT,2,1.0,315.0
2024,18,SEA,1,1.0,403.0
2024,18,SF,3,0.0,393.0
2024,18,TB,2,1.0,292.0
2024,18,TEN,2,1.0,375.0
2024,18,WAS,2,1.0,378.0
2025,1,ARI,2,1.0,315.0
2025,1,ATL,3,0.0,261.0
2025,1,BAL,2,0.0,502.0
2025,1,BUF,3,0.0,432.0
2025,1,CAR,2,0.0,380.0
2025,1,CHI,7,0.0,256.0
2025,1,CIN,1,1.0,327.0
2025,1,CLE,5,0.0,141.0
2025,1,DAL,2,0.0,305.0
2025,1,DEN,5,1.0,133.0
2025,1,DET,2,0.0,267.0
2025,1,GB,2,1.0,247.0
2025,1,HOU,2,0.0,298.0
2025,1,IND,0,1.0,213.0
2025,1,JAX,0,2.0,256.0
2025,1,KC,2,0.0,398.0
2025,1,LA,2,0.0,265.0
2025,1,LAC,2,0.0,347.0
2025,1,LV,4,0.0,336.0
2025,1,MIA,0,0.0,418.0
2025,1,MIN,3,1.0,317.0
2025,1,NE,3,0.0,390.0
2025,1,NO,1,0.0,276.0
2025,1,NYG,1,0.0,435.0
2025,1,NYJ,3,0.0,272.0
2025,1,PHI,0,1.0,307.0
2025,1,PIT,2,1.0,394.0
2025,1,SEA,1,0.0,386.0
2025,1,SF,4,0.0,230.0
2025,1,TB,1,1.0,359.0
2025,1,TEN,1,2.0,319.0
2025,1,WAS,3,1.0,231.0
2025,2,ARI,1,1.0,353.0
2025,2,ATL,3,1.0,198.0
2025,2,BAL,2,2.0,322.0
2025,2,BUF,4,0.0,154.0
2025,2,CAR,1,0.0,295.0
2025,2,CHI,2,0.0,511.0
2025,2,CIN,1,1.0,400.0
2025,2,CLE,4,0.0,246.0
2025,2,DAL,2,1.0,506.0
2025,2,DEN,0,2.0,473.0
2025,2,DET,3,2.0,339.0
2025,2,GB,3,2.0,232.0
2025,2,HOU,2,0.0,360.0
2025,2,IND,2,0.0,324.0
2025,2,JAX,2,0.0,350.0
2025,2,KC,2,0.0,218.0
2025,2,LA,4,0.0,252.0
2025,2,LAC,1,2.0,218.0
2025,2,LV,3,1.0,319.0
2025,2,MIA,1,0.0,338.0
2025,2,MIN,2,0.0,327.0
2025,2,NE,1,2.0,358.0
2025,2,NO,2,0.0,347.0
2025,2,NYG,3,0.0,478.0
2025,2,NYJ,2,0.0,407.0
2025,2,PHI,3,1.0,294.0
2025,2,PIT,2,1.0,395.0
2025,2,SEA,3,1.0,269.0
2025,2,SF,3,1.0,307.0
2025,2,TB,1,1.0,266.0
2025,2,TEN,1,0.0,445.0
2025,2,WAS,4,1.0,406.0
2025,3,ARI,2,1.0,356.0
2025,3,ATL,1,0.0,225.0
2025,3,BAL,3,0.0,427.0
2025,3,BUF,4,0.0,276.0
2025,3,CAR,1,3.0,332.0
2025,3,CHI,1,1.0,398.0
2025,3,CIN,5,0.0,352.0
2025,3,CLE,3,0.0,231.0
2025,3,DAL,3,0.0,387.0
2025,3,DEN,3,0.0,376.0
2025,3,DET,3,1.0,318.0
2025,3,GB,2,1.0,221.0
2025,3,HOU,4,1.0,292.0
2025,3,IND,1,1.0,282.0
2025,3,JAX,5,0.0,272.0
2025,3,KC,0,3.0,281.0
2025,3,LA,4,1.0,289.0
2025,3,LAC,6,0.0,266.0
2025,3,LV,2,0.0,400.0
2025,3,MIA,1,0.0,360.0
2025,3,MIN,5,0.0,171.0
2025,3,NE,3,0.0,205.0
2025,3,NO,1,0.0,321.0
2025,3,NYG,2,0.0,309.0
2025,3,NYJ,4,0.0,348.0
2025,3,PHI,0,1.0,356.0
2025,3,PIT,0,1.0,369.0
2025,3,SEA,5,2.0,284.0
2025,3,SF,3,0.0,260.0
2025,3,TB,2,2.0,268.0
2025,3,TEN,1,0.0,368.0
2025,3,WAS,3,1.0,356.0
2025,4,ARI,1,1.0,384.0
2025,4,ATL,1,0.0,296.0
2025,4,BAL,0,0.0,385.0
2025,4,BUF,1,2.0,298.0
2025,4,CAR,4,0.0,309.0
2025,4,CHI,1,1.0,357.0
2025,4,CIN,1,1.0,515.0
2025,4,CLE,2,1.0,279.0
2025,4,DAL,0,0.0,490.0
2025,4,DEN,4,0.0,160.0
2025,4,DET,4,0.0,250.0
2025,4,GB,2,0.0,436.0
2025,4,HOU,3,1.0,175.0
2025,4,IND,2,1.0,464.0
2025,4,JAX,1,1.0,391.0
2025,4,KC,0,3.0,360.0
2025,4,LA,2,0.0,334.0
2025,4,LAC,1,1.0,252.0
2025,4,LV,2,0.0,272.0
2025,4,MIA,0,1.0,389.0
2025,4,MIN,3,1.0,315.0
2025,4,NE,2,2.0,326.0
2025,4,NO,1,1.0,359.0
2025,4,NYG,2,0.0,340.0
2025,4,NYJ,4,0.0,300.0
2025,4,PHI,2,2.0,376.0
2025,4,PIT,2,1.0,374.0
2025,4,SEA,2,0.0,253.0
2025,4,SF,3,0.0,330.0
2025,4,TB,6,1.0,200.0
2025,4,TEN,2,0.0,353.0
2025,4,WAS,1,0.0,438.0
2025,5,ARI,3,1.0,335.0
2025,5,BAL,0,0.0,419.0
2025,5,BUF,1,0.0,338.0
2025,5,CAR,4,0.0,248.0
2025,5,CIN,3,0.0,367.0
2025,5,CLE,3,0.0,350.0
2025,5,DAL,2,2.0,383.0
2025,5,DEN,5,0.0,303.0
2025,5,DET,2,0.0,322.0
2025,5,HOU,4,0.0,207.0
2025,5,IND,0,1.0,296.0
2025,5,JAX,2,0.0,476.0
2025,5,KC,2,1.0,319.0
2025,5,LA,2,0.0,407.0
2025,5,LAC,1,0.0,389.0
2025,5,LV,1,0.0,319.0
2025,5,MIA,1,0.0,421.0
2025,5,MIN,4,0.0,322.0
2025,5,NE,0,0.0,363.0
2025,5,NO,0,2.0,335.0
2025,5,NYG,1,0.0,333.0
2025,5,NYJ,4,0.0,417.0
2025,5,PHI,3,0.0,360.0
2025,5,SEA,1,0.0,429.0
2025,5,SF,1,1.0,456.0
2025,5,TB,0,0.0,463.0
2025,5,TEN,5,0.0,360.0
2025,5,WAS,1,1.0,337.0
2025,6,ARI,2,0.0,357.0
2025,6,ATL,4,1.0,291.0
2025,6,BAL,1,1.0,243.0
2025,6,BUF,2,1.0,444.0
2025,6,CAR,2,0.0,293.0
2025,6,CHI,0,0.0,330.0
2025,6,CIN,1,0.0,409.0
2025,6,CLE,1,0.0,335.0
2025,6,DAL,1,0.0,413.0
2025,6,DEN,5,1.0,82.0
2025,6,DET,0,1.0,358.0
2025,6,GB,3,0.0,270.0
2025,6,IND,2,1.0,400.0
2025,6,JAX,5,0.0,350.0
2025,6,KC,2,2.0,297.0
2025,6,LA,0,4.0,296.0
2025,6,LAC,2,0.0,341.0
2025,6,LV,3,0.0,225.0
2025,6,MIA,0,0.0,403.0
2025,6,NE,0,0.0,296.0
2025,6,NO,1,1.0,339.0
2025,6,NYG,3,0.0,339.0
2025,6,NYJ,4,0.0,248.0
2025,6,PHI,3,0.0,368.0
2025,6,PIT,2,2.0,248.0
2025,6,SEA,4,0.0,274.0
2025,6,SF,1,0.0,353.0
2025,6,TB,0,2.0,363.0
2025,6,TEN,3,0.0,229.0
2025,6,WAS,2,1.0,388.0
2025,7,ARI,3,1.0,263.0
2025,7,ATL,1,0.0,326.0
2025,7,CAR,3,1.0,220.0
2025,7,CHI,2,2.0,253.0
2025,7,CIN,1,0.0,396.0
2025,7,CLE,2,2.0,219.0
2025,7,DAL,4,2.0,342.0
2025,7,DEN,3,0.0,387.0
2025,7,DET,4,3.0,252.0
2025,7,GB,0,2.0,330.0
2025,7,HOU,4,0.0,318.0
2025,7,IND,0,1.0,445.0
2025,7,JAX,4,0.0,275.0
2025,7,KC,3,1.0,95.0
2025,7,LA,3,4.0,358.0
2025,7,LAC,2,0.0,406.0
2025,7,LV,2,1.0,437.0
2025,7,MIA,4,0.0,207.0
2025,7,MIN,3,1.0,366.0
2025,7,NE,1,2.0,255.0
2025,7,NO,2,0.0,388.0
2025,7,NYG,3,1.0,411.0
2025,7,NYJ,3,1.0,304.0
2025,7,PHI,0,0.0,387.0
2025,7,PIT,0,0.0,481.0
2025,7,SEA,4,3.0,254.0
2025,7,SF,1,2.0,292.0
2025,7,TB,3,1.0,379.0
2025,7,TEN,2,0.0,389.0
2025,7,WAS,0,0.0,410.0
2025,8,ATL,2,1.0,338.0
2025,8,BAL,2,1.0,372.0
2025,8,BUF,3,0.0,244.0
2025,8,CAR,1,0.0,410.0
2025,8,CHI,1,0.0,355.0
2025,8,CIN,0,1.0,507.0
2025,8,CLE,3,0.0,425.0
2025,8,DAL,2,0.0,428.0
2025,8,DEN,3,0.0,339.0
2025,8,GB,4,0.0,295.0
2025,8,HOU,4,1.0,225.0
2025,8,IND,2,2.0,341.0
2025,8,KC,1,2.0,260.0
2025,8,LAC,2,1.0,164.0
2025,8,MIA,4,2.0,214.0
2025,8,MIN,0,0.0,419.0
2025,8,NE,2,2.0,213.0
2025,8,NO,2,1.0,212.0
2025,8,NYG,1,0.0,429.0
2025,8,NYJ,3,1.0,398.0
2025,8,PHI,3,0.0,247.0
2025,8,PIT,3,0.0,457.0
2025,8,SF,1,0.0,475.0
2025,8,TB,0,2.0,275.0
2025,8,TEN,3,0.0,420.0
2025,8,WAS,0,0.0,433.0
2025,9,ARI,1,3.0,333.0
2025,9,ATL,2,0.0,334.0
2025,9,BAL,1,1.0,332.0
2025,9,BUF,2,1.0,307.0
2025,9,CAR,0,1.0,369.0
2025,9,CHI,1,0.0,498.0
2025,9,CIN,2,0.0,576.0
2025,9,DAL,1,1.0,341.0
2025,9,DEN,6,0.0,268.0
2025,9,DET,2,0.0,263.0
2025,9,GB,1,0.0,265.0
2025,9,HOU,5,0.0,273.0
2025,9,IND,4,1.0,226.0
2025,9,JAX,0,1.0,331.0
2025,9,KC,1,1.0,405.0
2025,9,LA,4,2.0,224.0
2025,9,LAC,3,1.0,206.0
2025,9,LV,1,0.0,367.0
2025,9,MIA,4,0.0,340.0
2025,9,MIN,4,0.0,305.0
2025,9,NE,3,1.0,288.0
2025,9,NO,2,0.0,442.0
2025,9,NYG,1,0.0,382.0
2025,9,PIT,1,0.0,368.0
2025,9,SEA,1,1.0,290.0
2025,9,SF,3,0.0,296.0
2025,9,TEN,3,0.0,344.0
2025,9,WAS,3,0.0,418.0
2025,10,ARI,0,0.0,378.0
2025,10,ATL,1,2.0,519.0
2025,10,BAL,2,3.0,365.0
2025,10,BUF,1,0.0,371.0
2025,10,CAR,2,1.0,394.0
2025,10,CHI,3,3.0,431.0
2025,10,CLE,5,0.0,171.0
2025,10,DEN,4,1.0,188.0
2025,10,DET,3,0.0,289.0
2025,10,GB,3,2.0,294.0
2025,10,HOU,2,0.0,213.0
2025,10,IND,2,0.0,293.0
2025,10,JAX,0,1.0,414.0
2025,10,LA,1,2.0,393.0
2025,10,LAC,3,1.0,221.0
2025,10,LV,7,0.0,222.0
2025,10,MIA,4,1.0,376.0
2025,10,MIN,4,0.0,324.0
2025,10,NE,3,1.0,371.0
2025,10,NO,3,1.0,175.0
2025,10,NYG,0,3.0,393.0
2025,10,NYJ,1,1.0,278.0
2025,10,PHI,2,2.0,261.0
2025,10,PIT,3,0.0,315.0
2025,10,SEA,2,3.0,337.0
2025,10,SF,1,0.0,404.0
2025,10,TB,2,1.0,436.0
2025,10,WAS,0,0.0,549.0
2025,11,ARI,3,0.0,284.0
2025,11,ATL,1,2.0,489.0
2025,11,BAL,3,1.0,187.0
2025,11,BUF,2,0.0,368.0
2025,11,CAR,3,0.0,348.0
2025,11,CHI,4,0.0,265.0
2025,11,CIN,1,0.0,344.0
2025,11,CLE,2,0.0,353.0
2025,11,DAL,1,1.0,237.0
2025,11,DEN,3,1.0,311.0
2025,11,DET,3,1.0,273.0
2025,11,GB,2,1.0,337.0
2025,11,HOU,5,0.0,229.0
2025,11,JAX,3,2.0,135.0
2025,11,KC,3,0.0,343.0
2025,11,LA,2,0.0,414.0
2025,11,LAC,0,2.0,345.0
2025,11,LV,2,2.0,385.0
2025,11,MIA,0,1.0,379.0
2025,11,MIN,3,0.0,320.0
2025,11,NE,3,1.0,245.0
2025,11,NYG,2,0.0,298.0
2025,11,NYJ,1,0.0,339.0
2025,11,PHI,1,5.0,318.0
2025,11,PIT,1,1.0,298.0
2025,11,SEA,3,1.0,249.0
2025,11,SF,1,0.0,488.0
2025,11,TB,2,1.0,414.0
2025,11,TEN,3,1.0,315.0
2025,11,WAS,1,2.0,311.0
2025,12,ARI,1,1.0,372.0
2025,12,ATL,1,3.0,293.0
2025,12,BAL,1,2.0,282.0
2025,12,BUF,5,0.0,262.0
2025,12,CAR,1,0.0,342.0
2025,12,CHI,1,2.0,345.0
2025,12,CIN,1,1.0,393.0
2025,12,CLE,4,2.0,268.0
2025,12,DAL,3,0.0,339.0
2025,12,DET,2,2.0,518.0
2025,12,GB,3,1.0,145.0
2025,12,HOU,2,2.0,327.0
2025,12,IND,2,0.0,496.0
2025,12,JAX,2,2.0,326.0
2025,12,KC,5,0.0,256.0
2025,12,LA,3,4.0,193.0
2025,12,LV,6,0.0,271.0
2025,12,MIN,1,0.0,290.0
2025,12,NE,1,1.0,307.0
2025,12,NO,3,0.0,305.0
2025,12,NYG,2,0.0,494.0
2025,12,NYJ,1,0.0,243.0
2025,12,PHI,2,2.0,475.0
2025,12,PIT,4,0.0,329.0
2025,12,SEA,2,2.0,296.0
2025,12,SF,3,0.0,230.0
2025,12,TB,1,1.0,333.0
2025,12,TEN,1,1.0,354.0
2025,13,ARI,1,0.0,283.0
2025,13,ATL,4,0.0,270.0
2025,13,BAL,1,1.0,382.0
2025,13,BUF,2,1.0,166.0
2025,13,CAR,1,0.0,380.0
2025,13,CHI,4,0.0,317.0
2025,13,CIN,2,1.0,347.0
2025,13,CLE,2,0.0,253.0
2025,13,DAL,2,0.0,362.0
2025,13,DEN,1,0.0,420.0
2025,13,DET,2,0.0,362.0
2025,13,GB,1,2.0,352.0
2025,13,HOU,2,2.0,281.0
2025,13,IND,2,2.0,364.0
2025,13,JAX,4,3.0,188.0
2025,13,KC,1,0.0,461.0
2025,13,LA,1,0.0,362.0
2025,13,LAC,3,2.0,157.0
2025,13,LV,2,1.0,343.0
2025,13,MIA,5,1.0,296.0
2025,13,MIN,2,0.0,219.0
2025,13,NE,2,3.0,241.0
2025,13,NO,3,1.0,300.0
2025,13,NYG,1,0.0,398.0
2025,13,NYJ,2,0.0,389.0
2025,13,PHI,1,2.0,426.0
2025,13,PIT,1,0.0,372.0
2025,13,SEA,2,2.0,163.0
2025,13,SF,1,4.0,255.0
2025,13,TB,2,2.0,386.0
2025,13,TEN,5,0.0,277.0
2025,13,WAS,3,0.0,402.0
2025,14,ARI,2,0.0,534.0
2025,14,ATL,2,0.0,365.0
2025,14,BAL,4,0.0,319.0
2025,14,BUF,1,0.0,338.0
2025,14,CHI,2,0.0,338.0
2025,14,CIN,0,1.0,421.0
2025,14,CLE,3,0.0,292.0
2025,14,DAL,2,0.0,410.0
2025,14,DEN,1,2.0,229.0
2025,14,DET,1,0.0,419.0
2025,14,GB,2,1.0,317.0
2025,14,HOU,1,2.0,274.0
2025,14,IND,2,1.0,351.0
2025,14,JAX,2,1.0,286.0
2025,14,KC,5,0.0,268.0
2025,14,LA,4,1.0,314.0
2025,14,LAC,2,0.0,366.0
2025,14,LV,0,2.0,356.0
2025,14,MIA,4,1.0,207.0
2025,14,MIN,2,2.0,206.0
2025,14,NO,0,5.0,301.0
2025,14,NYJ,3,0.0,360.0
2025,14,PHI,2,0.0,275.0
2025,14,PIT,1,1.0,420.0
2025,14,SEA,0,1.0,274.0
2025,14,TB,2,1.0,263.0
2025,14,TEN,4,0.0,412.0
2025,14,WAS,0,0.0,317.0
2025,15,ARI,0,0.0,399.0
2025,15,ATL,0,0.0,340.0
2025,15,BAL,1,2.0,298.0
2025,15,BUF,2,1.0,385.0
2025,15,CAR,1,1.0,338.0
2025,15,CHI,6,1.0,192.0
2025,15,CIN,1,0.0,320.0
2025,15,CLE,3,1.0,362.0
2025,15,DAL,1,0.0,328.0
2025,15,DEN,0,2.0,362.0
2025,15,DET,1,0.0,519.0
2025,15,GB,2,2.0,393.0
2025,15,HOU,3,2.0,307.0
2025,15,IND,3,0.0,315.0
2025,15,JAX,0,2.0,284.0
2025,15,KC,0,0.0,296.0
2025,15,LA,3,0.0,396.0
2025,15,LAC,4,0.0,239.0
2025,15,LV,1,1.0,387.0
2025,15,MIA,4,0.0,336.0
2025,15,MIN,1,1.0,423.0
2025,15,NE,3,0.0,352.0
2025,15,NO,1,1.0,281.0
2025,15,NYG,2,0.0,343.0
2025,15,NYJ,2,0.0,440.0
2025,15,PHI,4,1.0,75.0
2025,15,PIT,2,0.0,285.0
2025,15,SEA,2,0.0,220.0
2025,15,SF,3,0.0,306.0
2025,15,TB,0,0.0,476.0
2025,15,TEN,0,0.0,430.0
2025,15,WAS,2,2.0,384.0
2025,16,ARI,0,3.0,348.0
2025,16,ATL,1,0.0,320.0
2025,16,BAL,1,1.0,461.0
2025,16,BUF,1,1.0,294.0
2025,16,CAR,2,0.0,297.0
2025,16,CHI,0,2.0,386.0
2025,16,CIN,2,1.0,389.0
2025,16,CLE,3,2.0,261.0
2025,16,DAL,1,1.0,454.0
2025,16,DEN,4,0.0,346.0
2025,16,DET,2,0.0,481.0
2025,16,GB,0,1.0,400.0
2025,16,HOU,3,0.0,315.0
2025,16,IND,0,0.0,443.0
2025,16,JAX,1,2.0,445.0
2025,16,KC,2,2.0,378.0
2025,16,LA,4,0.0,421.0
2025,16,LAC,0,2.0,340.0
2025,16,LV,4,0.0,272.0
2025,16,MIA,3,0.0,407.0
2025,16,MIN,1,2.0,141.0
2025,16,NE,1,0.0,331.0
2025,16,NO,1,2.0,195.0
2025,16,NYG,0,0.0,243.0
2025,16,NYJ,1,1.0,412.0
2025,16,PHI,2,0.0,223.0
2025,16,PIT,3,1.0,362.0
2025,16,SEA,2,1.0,581.0
2025,16,SF,2,1.0,312.0
2025,16,TB,1,0.0,276.0
2025,16,TEN,4,0.0,133.0
2025,16,WAS,2,0.0,389.0
2025,17,ARI,1,0.0,433.0
2025,17,ATL,1,3.0,363.0
2025,17,BAL,0,2.0,364.0
2025,17,BUF,5,0.0,191.0
2025,17,CAR,0,1.0,289.0
2025,17,CHI,0,0.0,496.0
2025,17,CIN,5,1.0,233.0
2025,17,CLE,2,3.0,291.0
2025,17,DAL,1,0.0,328.0
2025,17,DEN,1,1.0,139.0
2025,17,DET,6,0.0,161.0
2025,17,GB,0,0.0,415.0
2025,17,HOU,5,0.0,275.0
2025,17,IND,1,1.0,370.0
2025,17,JAX,2,1.0,205.0
2025,17,KC,0,0.0,304.0
2025,17,LA,3,0.0,345.0
2025,17,LAC,1,0.0,364.0
2025,17,LV,1,0.0,345.0
2025,17,MIA,2,0.0,380.0
2025,17,MIN,0,0.0,231.0
2025,17,NE,2,4.0,307.0
2025,17,NO,1,1.0,336.0
2025,17,NYG,2,1.0,231.0
2025,17,NYJ,2,0.0,441.0
2025,17,PHI,2,1.0,332.0
2025,17,PIT,2,1.0,263.0
2025,17,SEA,2,3.0,142.0
2025,17,SF,2,0.0,440.0
2025,17,TB,3,0.0,300.0
2025,17,TEN,3,0.0,424.0
2025,17,WAS,0,0.0,480.0
2025,18,ARI,2,0.0,398.0
2025,18,ATL,3,0.0,340.0
2025,18,BAL,1,1.0,390.0
2025,18,BUF,4,2.0,124.0
2025,18,CAR,1,0.0,338.0
2025,18,CHI,0,0.0,433.0
2025,18,CIN,3,0.0,200.0
2025,18,CLE,2,0.0,364.0
2025,18,DAL,0,0.0,382.0
2025,18,DEN,3,2.0,217.0
2025,18,DET,3,1.0,274.0
2025,18,GB,1,0.0,363.0
2025,18,HOU,2,0.0,354.0
2025,18,IND,1,0.0,339.0
2025,18,JAX,4,2.0,194.0
2025,18,KC,3,2.0,204.0
2025,18,LA,2,1.0,317.0
2025,18,LAC,4,0.0,242.0
2025,18,LV,5,0.0,168.0
2025,18,MIA,3,1.0,459.0
2025,18,MIN,4,0.0,122.0
2025,18,NE,4,1.0,180.0
2025,18,NO,2,0.0,210.0
2025,18,NYG,1,1.0,287.0
2025,18,NYJ,0,2.0,476.0
2025,18,PHI,3,0.0,275.0
2025,18,PIT,1,0.0,361.0
2025,18,SEA,3,2.0,173.0
2025,18,SF,0,1.0,363.0
2025,18,TB,0,0.0,286.0
2025,18,TEN,2,0.0,321.0
2025,18,WAS,1,3.0,307.0
