player,pos,team,ecr,sd,bye,age,gsis_id,proj_ppg,exp_games,proj_pts,proj_sd,replacement,vorp,vorp_rank,tier
Josh Allen,QB,BUF,25.77,3.01,7.0,30.2943189596167,00-0034857,26.11371691621022,16.119999999999997,420.9531166893087,111.67102035701365,308.62175610452914,112.33136058477952,13,1
Lamar Jackson,QB,BAL,31.84,9.34,13.0,29.661875427789184,00-0034796,23.560500012051754,15.52,365.6589601870432,105.06562904741466,308.62175610452914,57.03720408251405,35,2
Jalen Hurts,QB,PHI,57.19,12.64,10.0,28.082135523613964,00-0036389,22.771503570941142,15.92,362.522336849383,105.698123418527,308.62175610452914,53.90058074485387,38,2
Jared Goff,QB,DET,105.55,10.76,6.0,31.89596167008898,00-0033106,21.18540823276753,16.52,349.9829440053196,106.25240274292972,308.62175610452914,41.36118790079047,45,2
Justin Herbert,QB,LAC,71.81,13.51,7.0,28.49281314168378,00-0036355,21.20639111262232,15.52,329.1231900678984,101.61877839447484,308.62175610452914,20.501433963369266,78,3
Matthew Stafford,QB,LAR,105.93,10.19,11.0,38.57905544147844,00-0026498,20.669619927184467,15.92,329.0603492407767,102.73679939746812,308.62175610452914,20.43859313624756,80,3
Baker Mayfield,QB,TB,118.46,8.97,10.0,31.39767282683093,00-0034855,19.748150024924097,16.52,326.2394384117461,104.36411328991738,308.62175610452914,17.617682307216967,85,3
Patrick Mahomes II,QB,KC,103.11,10.61,5.0,30.97056810403833,00-0033873,20.733627219026022,15.52,321.7858944392839,100.95712303827275,308.62175610452914,13.16413833475474,93,3
Brock Purdy,QB,SF,96.42,10.36,8.0,26.694045174537987,00-0037834,22.233333627620112,14.32,318.38133754752,97.69722820823604,308.62175610452914,9.75958144299085,100,3
Joe Burrow,QB,CIN,44.89,12.93,6.0,29.738535249828885,00-0036442,23.81340486384693,13.32,317.1945527864412,95.91911476956064,308.62175610452914,8.572796681912052,106,3
Trevor Lawrence,QB,JAC,76.37,13.23,7.0,26.91854893908282,00-0036971,21.021002112819744,14.92,313.63335152327056,98.59497706086088,308.62175610452914,5.011595418741422,113,3
Jordan Love,QB,GB,116.43,8.9,11.0,27.84394250513347,00-0036264,19.6761013733612,15.72,309.308313589238,100.46122936298538,308.62175610452914,0.6865574847088851,119,3
Dak Prescott,QB,DAL,77.92,12.49,14.0,33.106091718001366,00-0033077,20.96615190927508,14.72,308.62175610452914,97.60163520642328,308.62175610452914,0.0,123,3
Drake Maye,QB,NE,37.1,12.33,11.0,24.019164955509925,00-0039851,23.56446787303689,12.32,290.31424419581447,91.3517292003948,308.62175610452914,-18.307511908714677,159,4
Bo Nix,QB,DEN,98.53,9.53,10.0,26.529774127310063,00-0039732,21.1899330392214,13.12,278.0119214745848,90.78763821422608,308.62175610452914,-30.60983462994432,194,4
C.J. Stroud,QB,HOU,143.15,13.02,8.0,24.92539356605065,00-0039163,17.38186622012497,15.52,269.7665637363395,96.58531714225312,308.62175610452914,-38.85519236818965,209,4
Caleb Williams,QB,CHI,65.14,11.8,10.0,24.79945242984257,00-0039918,20.50525451403793,13.12,269.02893922417763,89.71851608087262,308.62175610452914,-39.59281688035151,211,4
Sam Darnold,QB,SEA,138.31,12.86,11.0,29.253935660506503,00-0034869,17.290581126788286,15.12,261.4335866370389,94.53350497546276,308.62175610452914,-47.18816946749024,233,4
Jayden Daniels,QB,WAS,56.6,16.35,7.0,25.71663244353183,00-0039910,22.374247933594702,11.12,248.8016370215731,84.40763425908357,308.62175610452914,-59.82011908295604,260,5
Kyler Murray,QB,MIN,113.74,9.41,6.0,29.08145106091718,00-0035228,19.731246072597006,12.32,243.0889516143951,84.98961585901571,308.62175610452914,-65.53280449013403,274,5
Fernando Mendoza,QB,LV,261.28,39.51,13.0,22.93223819301848,00-0041562,14.91197141100046,15.8,235.60914829380727,95.15676636798072,308.62175610452914,-73.01260781072187,308,5
Tua Tagovailoa,QB,ATL,281.77,31.68,11.0,28.51471594798084,00-0036212,15.962256866078333,14.72,234.96442106867303,90.97761612170642,308.62175610452914,-73.65733503585608,309,5
Bryce Young,QB,CAR,169.51,27.8,5.0,25.11704312114989,00-0039150,15.113606172380043,15.52,234.5631677953383,93.97050696238962,308.62175610452914,-74.05858830919084,310,5
Geno Smith,QB,NYJ,227.97,33.24,13.0,35.90691307323751,00-0030565,14.765224140088293,15.72,232.109323482188,94.59963881966796,308.62175610452914,-76.51243262234118,317,5
Jaxson Dart,QB,NYG,98.35,13.68,8.0,23.318275154004105,00-0040691,20.19151441543776,10.604444444444448,214.11979286770887,78.47148691990986,308.62175610452914,-94.50196323682022,407,6
Daniel Jones,QB,IND,146.36,20.49,13.0,29.27857631759069,00-0035710,17.355071703188514,12.12,210.3434690426448,80.49632012360708,308.62175610452914,-98.27828706188431,418,6
Taylen Green,QB,CLE,338.33,11.84,11.0,23.88501026694045,00-0041092,12.742219127917906,15.8,201.3270622211029,93.001030330498,308.62175610452914,-107.29469388342622,453,6
Drew Allar,QB,PIT,332.0,12.0,9.0,22.49691991786448,00-0041565,12.742219127917906,15.8,201.3270622211029,93.001030330498,308.62175610452914,-107.29469388342622,454,6
Carson Beck,QB,ARI,322.53,21.19,14.0,24.79671457905544,00-0041561,12.742219127917906,15.8,201.3270622211029,93.001030330498,308.62175610452914,-107.29469388342622,455,6
Aaron Rodgers,QB,PIT,213.2,40.75,9.0,42.76249144421629,00-0023459,15.326486397809056,13.12,201.08350153925485,82.43177550340069,308.62175610452914,-107.53825456527431,456,6
Tyler Shough,QB,NO,125.2,12.5,8.0,26.94045174537988,00-0040743,17.24565156468173,11.351111111111113,195.7573070942095,76.86450494413575,308.62175610452914,-112.86444901031965,470,6
Malik Willis,QB,MIA,128.78,18.79,6.0,27.28542094455852,00-0038128,16.20627079908884,11.08,179.56548045390437,74.08880969028037,308.62175610452914,-129.05627565062477,498,7
Justin Fields,QB,KC,344.12,21.32,5.0,27.50718685831622,00-0036945,14.076538390050796,12.72,179.0535683214461,78.95497696405742,308.62175610452914,-129.56818778308303,499,7
Jalen Milroe,QB,SEA,341.0,15.0,11.0,23.731690622861056,00-0040673,11.895696595474124,14.32,170.34637524718946,84.61518161088496,308.62175610452914,-138.27538085733968,501,7
Mac Jones,QB,SF,339.65,22.58,8.0,28.00273785078713,00-0036972,13.080906425073165,12.72,166.3891297269306,77.78885500644856,308.62175610452914,-142.23262637759854,502,7
Jacoby Brissett,QB,ARI,196.67,38.68,14.0,33.73579739904175,00-0033119,15.118708972120704,10.92,165.09630197555808,71.78003232271283,308.62175610452914,-143.52545412897106,503,7
Kirk Cousins,QB,LV,289.05,29.41,13.0,38.04791238877481,00-0029604,12.7884896875,12.72,162.66958882499998,77.45946660656853,308.62175610452914,-145.95216727952916,504,7
Quinn Ewers,QB,JAC,346.5,0.5,7.0,23.318275154004105,00-0040234,11.527453133710624,13.871111111111112,159.89858324582602,81.96717112745317,308.62175610452914,-148.72317285870312,505,7
Ty Simpson,QB,LAR,350.1,23.04,11.0,23.709787816564,00-0041568,10.015247099396586,15.8,158.24090417046605,90.7175450470466,308.62175610452914,-150.3808519340631,506,7
Shedeur Sanders,QB,CLE,301.37,23.31,11.0,24.577686516084874,00-0040668,12.416175267342291,12.297777777777778,152.6913642877161,74.94664837480687,308.62175610452914,-155.93039181681303,507,7
Cade Klubnik,QB,NYJ,352.76,23.29,13.0,22.90759753593429,00-0041056,9.382079287252871,15.8,148.2368527385954,90.25878496548437,308.62175610452914,-160.38490336593375,508,7
J.J. McCarthy,QB,MIN,330.44,19.19,6.0,23.627652292950035,00-0039923,12.64173645794531,11.644444444444446,147.20599786585208,71.98631903869806,308.62175610452914,-161.41575823867706,509,7
Michael Penix Jr.,QB,ATL,282.37,28.81,11.0,26.32991101984942,00-0039917,13.634063054716757,10.604444444444448,144.58166421579637,68.25204396442524,308.62175610452914,-164.04009188873275,510,7
Jack Strand,QB,ATL,356.5,9.5,11.0,22.203969883641346,00-0041194,9.097815783582726,15.8,143.7454893806071,90.06185043477825,308.62175610452914,-164.87626672392204,511,7
Deshaun Watson,QB,CLE,291.93,28.12,11.0,30.978781656399725,00-0033537,12.651708450944914,10.831111111111111,137.0320599775678,68.04969942396272,308.62175610452914,-171.58969612696134,512,7
Bijan Robinson,RB,ATL,4.19,1.3,11.0,24.59958932238193,00-0038542,24.375167125624188,16.439999999999998,400.7277475452616,98.0397108596219,161.2368907687623,239.49085677649933,1,1
Jahmyr Gibbs,RB,DET,2.43,1.22,6.0,24.465434633812457,00-0039139,24.263086561414525,16.04,389.179908445089,96.46743772760864,161.2368907687623,227.94301767632672,2,1
Jonathan Taylor,RB,IND,11.82,5.05,13.0,27.630390143737166,00-0036223,22.205451071907163,14.44,320.64671347833945,87.46420703004398,161.2368907687623,159.40982270957718,7,2
James Cook III,RB,BUF,14.97,5.66,7.0,26.94866529774127,00-0037248,19.6728517552047,16.240000000000002,319.4871125045244,89.86818276894266,161.2368907687623,158.2502217357621,8,2
De'Von Achane,RB,MIA,21.49,6.71,6.0,24.89801505817933,00-0039040,20.92877823586212,15.04,314.7688246673663,87.42946660648374,161.2368907687623,153.53193389860402,9,2
Christian McCaffrey,RB,SF,9.58,4.48,8.0,30.24777549623545,00-0033280,22.12073950951642,13.64,301.726886909804,84.6140836456182,161.2368907687623,140.4899961410417,11,2
Derrick Henry,RB,BAL,37.64,6.99,13.0,32.67077344284736,00-0032764,16.619620145280468,16.439999999999998,273.2265551884108,86.38594095515928,161.2368907687623,111.98966441964856,14,3
Kyren Williams,RB,LAR,42.04,6.43,11.0,26.028747433264886,00-0037840,17.86994831576241,15.24,272.33801233221914,83.46866430572742,161.2368907687623,111.10112156345689,15,3
Chase Brown,RB,CIN,17.05,5.98,6.0,26.46132785763176,00-0038597,18.132033700760186,14.84,269.0793801192811,82.35113874020443,161.2368907687623,107.84248935051885,16,3
Breece Hall,RB,NYJ,39.52,4.84,13.0,25.267624914442163,00-0038120,16.552169746055586,16.04,265.4968027267316,84.72566759561785,161.2368907687623,104.25991195796932,17,3
Saquon Barkley,RB,PHI,23.6,6.02,10.0,29.571526351813823,00-0034844,16.99218583395005,15.44,262.3593492761888,82.98908307029745,161.2368907687623,101.1224585074265,18,3
Jeremiyah Love,RB,ARI,40.1,7.87,14.0,21.267624914442163,00-0041027,16.732936989186523,15.6,261.0338170313097,83.25203167923546,161.2368907687623,99.79692626254749,20,3
D'Andre Swift,RB,CHI,52.39,7.81,10.0,27.644079397672822,00-0036275,14.778589756926436,16.04,237.04857970110004,82.47909867824617,161.2368907687623,75.81168893233777,26,4
Javonte Williams,RB,DAL,43.43,6.56,14.0,26.36550308008213,00-0036997,14.739549989074506,16.04,236.42238182475504,82.4318604729487,161.2368907687623,75.1854910559928,27,4
Travis Etienne Jr.,RB,NO,45.04,6.03,8.0,27.61122518822724,00-0036973,14.620037614935212,16.04,234.5054033435608,82.28785999810626,161.2368907687623,73.26851257479854,28,4
Kenneth Walker III,RB,KC,24.95,7.61,5.0,25.87816563997262,00-0038134,15.285097434802513,14.84,226.8308459324693,78.34913975454936,161.2368907687623,65.59395516370702,32,4
Omarion Hampton,RB,LAC,25.4,7.4,7.0,23.477070499657767,00-0040666,16.86169889402582,11.82,199.3052809273852,69.38571996201576,161.2368907687623,38.06839015862295,47,5
Josh Jacobs,RB,GB,147.99,66.57,11.0,28.566735112936342,00-0035700,12.999266479482213,15.24,198.10882114730893,77.14028807355484,161.2368907687623,36.871930378546665,50,5
Rico Dowdle,RB,PIT,87.26,12.33,9.0,28.229979466119097,00-0036139,12.044040285967816,16.04,193.1864061869238,79.41643741274035,161.2368907687623,31.949515418161525,58,5
Cam Skattebo,RB,NYG,57.0,8.64,8.0,24.583162217659137,00-0040715,15.8034659847856,12.151111111111112,192.0296711217948,68.88411043428538,161.2368907687623,30.792780353032555,59,5
Jaylen Warren,RB,PIT,74.43,8.34,9.0,27.8466803559206,00-0037228,11.935766008225912,15.84,189.06253357029843,78.46922806408318,161.2368907687623,27.82564280153616,63,5
Tony Pollard,RB,TEN,84.99,10.61,9.0,29.352498288843258,00-0035261,11.521394998774324,16.240000000000002,187.10745478009505,79.73310010762285,161.2368907687623,25.87056401133276,65,5
Bucky Irving,RB,TB,56.3,8.44,10.0,24.04928131416838,00-0039361,15.80529577128722,11.64,183.97364277778323,67.03485134663013,161.2368907687623,22.73675200902099,72,5
David Montgomery,RB,HOU,60.31,8.63,8.0,29.24845995893224,00-0035685,11.969343368639676,15.24,182.41279293806863,76.00516814909663,161.2368907687623,21.1759021693064,74,5
Chuba Hubbard,RB,CAR,99.84,17.33,5.0,27.23887748117728,00-0036555,11.654462715604511,15.64,182.27579687205457,77.34479550713448,161.2368907687623,21.038906103292305,75,5
Jadarian Price,RB,SEA,67.49,10.42,11.0,22.910335386721425,00-0041512,11.667134240689029,15.6,182.0072941547488,77.19031846415808,161.2368907687623,20.770403385986555,77,5
Rhamondre Stevenson,RB,NE,74.02,9.46,11.0,28.53388090349076,00-0036875,11.808986504548333,14.44,170.52176512567792,72.5220616151301,161.2368907687623,9.284874356915653,102,6
Zach Charbonnet,RB,SEA,156.22,28.12,11.0,25.659137577002053,00-0039165,10.614862687696542,16.04,170.26239751065253,78.02600475982152,161.2368907687623,9.025506741890268,104,6
Kenny Gainwell,RB,TB,98.34,14.32,10.0,27.48254620123204,00-0036919,10.601689969912655,16.04,170.05110711739897,78.01389707144921,161.2368907687623,8.814216348636705,105,6
Ashton Jeanty,RB,LV,28.95,8.75,13.0,22.76249144421629,00-0040122,16.931950489342892,9.97111111111111,168.83035965707012,63.216585145377714,161.2368907687623,7.593468888307854,109,6
Rachaad White,RB,WAS,112.32,16.05,7.0,27.64955509924709,00-0037256,10.31919846351304,16.04,165.51994335474916,77.75742226207439,161.2368907687623,4.283052585986894,115,6
Jonathon Brooks,RB,CAR,88.71,21.45,5.0,23.129363449692,00-0039344,11.402891850690402,14.14,161.2368907687623,70.83943069149935,161.2368907687623,0.0,126,6
MarShawn Lloyd,RB,GB,106.21,47.96,11.0,25.66735112936345,00-0039811,10.631622495681816,15.091111111111111,160.44299637372268,74.01968273792467,161.2368907687623,-0.7938943950395867,127,6
Alvin Kamara,RB,NO,168.28,34.47,8.0,31.11841204654346,00-0033906,10.425768731947889,13.84,144.29263925015874,68.55845799526081,161.2368907687623,-16.944251518603522,153,7
Aaron Jones Sr.,RB,MIN,117.76,16.04,6.0,31.761806981519506,00-0033293,10.062191728127418,14.24,143.28561020853445,69.87444262422068,161.2368907687623,-17.951280560227815,156,7
Jonah Coleman,RB,DEN,149.36,19.28,10.0,23.04722792607803,00-0041496,9.132143212523278,15.6,142.46143411536315,74.8459593302222,161.2368907687623,-18.77545665339912,162,7
Mike Washington Jr.,RB,LV,152.53,26.25,13.0,23.17864476386037,WAS569019,9.132143212523278,15.6,142.46143411536315,74.8459593302222,161.2368907687623,-18.77545665339912,163,7
Quinshon Judkins,RB,CLE,60.62,8.49,11.0,22.855578370978783,00-0040784,13.545487050940247,10.497777777777776,142.19751295253718,59.34484724077487,161.2368907687623,-19.039377816225084,164,7
Tyjae Spears,RB,TEN,140.39,15.58,9.0,25.22655715263518,00-0039032,9.696516370351471,14.64,141.95699966194553,71.22324177479244,161.2368907687623,-19.27989110681673,165,7
Tyler Allgeier,RB,ARI,136.5,13.57,14.0,26.392881587953458,00-0037263,8.491146001719635,16.439999999999998,139.59444026827077,77.99187286157597,161.2368907687623,-21.64245050049149,169,7
J.K. Dobbins,RB,DEN,102.38,15.47,10.0,27.720739219712527,00-0036158,12.29170937143692,11.04,135.70047146066358,59.53650972535964,161.2368907687623,-25.536419308098687,179,7
Tyrone Tracy Jr.,RB,NYG,173.85,41.6,8.0,26.78713210130048,00-0039384,10.448980536104294,12.64,132.0751139763583,63.60577817375299,161.2368907687623,-29.16177679240397,187,7
Emmett Johnson,RB,KC,183.79,37.82,5.0,22.90759753593429,00-0041013,8.393064618562644,15.6,130.93180804957723,74.25872802407571,161.2368907687623,-30.30508271918504,190,7
Kaelon Black,RB,SF,227.97,52.39,8.0,24.8870636550308,00-0041052,8.393064618562644,15.6,130.93180804957723,74.25872802407571,161.2368907687623,-30.30508271918504,191,7
Kaytron Allen,RB,WAS,235.83,31.33,7.0,23.66050650239562,00-0041096,8.393064618562644,15.6,130.93180804957723,74.25872802407571,161.2368907687623,-30.30508271918504,192,7
Ja'Marr Chase,WR,CIN,1.49,0.88,6.0,26.5160848733744,00-0036900,22.759289898788147,15.96,363.2382667846588,83.9374565918712,161.78053356376364,201.45773322089516,3,1
Puka Nacua,WR,LAR,3.43,1.62,11.0,25.27310061601643,00-0039075,23.28135931660659,14.96,348.28913537643456,82.32737039436924,161.78053356376364,186.5086018126709,4,2
Amon-Ra St. Brown,WR,DET,5.4,1.29,6.0,26.869267624914443,00-0036963,20.679193029083734,16.16,334.1757593499932,80.7716832976666,161.78053356376364,172.39522578622956,5,2
Jaxon Smith-Njigba,WR,SEA,4.61,1.44,11.0,24.55852156057495,00-0038543,20.340131834064703,16.36,332.7645568052985,80.7498348599142,161.78053356376364,170.98402324153489,6,2
CeeDee Lamb,WR,DAL,9.03,1.69,14.0,27.41409993155373,00-0036358,18.84969907670663,15.16,285.7614380028725,74.82943271166093,161.78053356376364,123.98090443910888,12,3
George Pickens,WR,DAL,20.43,5.82,14.0,25.508555783709788,00-0037247,16.64153187163586,15.76,262.27054229698115,72.99158206501886,161.78053356376364,100.49000873321752,19,3
Drake London,WR,ATL,13.17,3.46,11.0,25.11978097193703,00-0037238,16.94175720265986,15.16,256.8370391923235,71.67856720896289,161.78053356376364,95.05650562855988,21,3
Nico Collins,WR,HOU,16.0,3.72,8.0,27.468856947296374,00-0036554,16.94293679728018,14.56,246.6891597683994,69.92848034170645,161.78053356376364,84.90862620463577,22,4
A.J. Brown,WR,NE,13.73,5.45,11.0,29.1854893908282,00-0035676,15.99033526886868,15.16,242.4134826760492,70.18554371829843,161.78053356376364,80.63294911228556,23,4
Justin Jefferson,WR,MIN,9.17,2.9,6.0,27.225188227241617,00-0036322,16.0941436652695,14.96,240.7683892324317,69.74750427357196,161.78053356376364,78.98785566866806,24,4
Zay Flowers,WR,BAL,29.64,7.73,13.0,25.984941820670773,00-0039064,14.813286595628846,16.16,239.38271138536211,71.5308521286182,161.78053356376364,77.6021778215985,25,4
Chris Olave,WR,NO,17.37,5.9,8.0,26.19301848049281,00-0037239,16.53591358420122,14.16,234.1485363522893,68.10319143442393,161.78053356376364,72.36800278852567,29,4
DeVonta Smith,WR,PHI,22.72,7.16,10.0,27.811088295687885,00-0036912,14.846139799434305,15.36,228.0367073193109,69.0827193470537,161.78053356376364,66.25617375554728,31,4
Garrett Wilson,WR,NYJ,30.28,7.2,13.0,26.12457221081451,00-0037740,14.879039020759889,14.36,213.663000338112,66.07224505483038,161.78053356376364,51.88246677434833,39,5
Davante Adams,WR,LAR,50.83,7.61,11.0,33.700205338809035,00-0031381,13.45006801178188,15.16,203.9030310586133,66.48649379991197,161.78053356376364,42.12249749484965,43,5
Tee Higgins,WR,CIN,36.7,6.79,6.0,27.633127994524298,00-0036410,14.548196364081416,13.96,203.09282124257655,64.35932201777466,161.78053356376364,41.312287678812936,46,5
Rashee Rice,WR,KC,27.1,10.14,5.0,26.37371663244353,00-0039067,17.278675841890003,11.56,199.7414927322484,62.269147674109085,161.78053356376364,37.96095916848478,48,5
Jameson Williams,WR,DET,52.92,9.35,6.0,25.44832306639288,00-0037240,13.248843454157344,14.96,198.20269807419388,65.5768602943135,161.78053356376364,36.42216451043024,52,5
Wan'Dale Robinson,WR,TEN,85.64,12.2,9.0,25.66735112936345,00-0038117,12.520568584791638,15.76,197.32416089631624,67.19658965900386,161.78053356376364,35.543627332552575,53,5
Jaylen Waddle,WR,DEN,33.99,8.09,10.0,27.78097193702943,00-0036613,12.919329152776044,15.16,195.85702995608483,65.77116294214751,161.78053356376364,34.07649639232119,54,5
Courtland Sutton,WR,DEN,86.25,15.44,10.0,30.90759753593429,00-0034348,12.240584551346274,15.96,195.35972943948653,67.50392478450806,161.78053356376364,33.57919587572289,56,5
DJ Moore,WR,BUF,52.35,11.91,7.0,29.39630390143737,00-0034827,11.7154607013849,16.36,191.66493707465693,68.20268155500112,161.78053356376364,29.884403510893293,60,5
DK Metcalf,WR,PIT,79.37,12.98,9.0,28.72826830937714,00-0035640,12.434241106609246,15.36,190.989943397518,65.78473159225997,161.78053356376364,29.209409833754364,61,5
Carnell Tate,WR,TEN,68.19,16.74,9.0,21.6290212183436,00-0041438,12.2893570333329,15.4,189.25609831332667,65.73077397185314,161.78053356376364,27.475564749563038,64,5
Jordan Addison,WR,MIN,107.99,15.61,6.0,24.607802874743328,00-0038994,12.156527303521004,15.36,186.7242593820826,65.43290874589988,161.78053356376364,24.943725818318967,66,6
Michael Pittman Jr.,WR,PIT,81.63,13.08,9.0,28.919917864476385,00-0036252,11.658853646005925,15.96,186.0753041902545,66.80415629743064,161.78053356376364,24.294770626490877,68,6
Alec Pierce,WR,IND,100.28,19.94,13.0,26.34633812457221,00-0037664,11.762962927014676,15.76,185.3842957297513,66.26473902128411,161.78053356376364,23.60376216598766,69,6
Terry McLaurin,WR,WAS,47.68,6.1,7.0,30.9760438056126,00-0035659,12.349278492907896,14.96,184.7452062539021,64.37904094250618,161.78053356376364,22.964672690138457,71,6
Michael Wilson,WR,ARI,88.1,15.54,14.0,26.535249828884325,00-0038559,11.835244771685606,15.36,181.7893596930909,65.03351858054899,161.78053356376364,20.008826129327247,81,6
Quentin Johnston,WR,LAC,93.76,15.8,7.0,24.99931553730321,00-0038544,11.92554626422416,15.16,180.79128136563827,64.48983399926703,161.78053356376364,19.01074780187463,83,6
Jakobi Meyers,WR,JAC,107.87,18.26,7.0,29.82340862422998,00-0034960,11.5349601067602,15.56,179.4839792611887,65.32959639376591,161.78053356376364,17.703445697425025,84,6
Makai Lemon,WR,PHI,108.06,20.16,10.0,22.261464750171115,00-0040867,11.606036151849787,15.4,178.7329567384867,64.88571392894109,161.78053356376364,16.952423174723094,87,6
KC Concepcion,WR,CLE,108.19,18.14,11.0,21.949349760438057,00-0041547,11.457778429519266,15.4,176.4497878145967,64.70734738041816,161.78053356376364,14.669254250833063,90,6
Malik Nabers,WR,NYG,24.25,8.56,8.0,23.110198494182068,00-0039337,17.535455161347162,9.96,174.65313340701775,58.811811140259664,161.78053356376364,12.872599843254108,94,6
Stefon Diggs,WR,WAS,93.69,28.49,7.0,32.76933607118412,00-0031588,11.984700677621507,14.56,174.49724186616916,62.61313901798525,161.78053356376364,12.716708302405522,95,6
De'Zhaun Stribling,WR,SF,121.47,34.93,8.0,23.7180013689254,00-0041035,11.309520707188746,15.4,174.1666188907067,64.53079042065112,161.78053356376364,12.38608532694306,96,6
Mike Evans,WR,SF,59.7,12.13,8.0,33.04312114989733,00-0031408,12.442739884713625,13.96,173.70064879060217,61.30223011693154,161.78053356376364,11.920115226838533,97,6
Khalil Shakir,WR,BUF,122.63,16.45,7.0,26.590006844626966,00-0037261,11.161262984858224,15.56,173.66925204439394,64.88929908251471,161.78053356376364,11.888718480630304,98,6
Ladd McConkey,WR,LAC,33.83,8.24,7.0,24.84599589322382,00-0039915,13.604922482172377,12.56,170.87782637608504,58.7030231920164,161.78053356376364,9.0972928123214,103,6
Josh Downs,WR,IND,88.0,14.86,13.0,25.06776180698152,00-0038997,10.861158573835038,15.56,168.99962740887318,64.54412537687759,161.78053356376364,7.219093845109539,110,6
Jayden Reed,WR,GB,103.17,16.45,11.0,26.35728952772073,00-0039146,11.85326451449816,13.76,163.1009197194947,59.8666374659415,161.78053356376364,1.3203861557310574,118,7
Brian Thomas Jr.,WR,JAC,81.16,14.46,7.0,23.91238877481177,00-0039893,13.089039932343338,12.36,161.78053356376364,57.30280464662471,161.78053356376364,0.0,121,7
Deebo Samuel Sr.,WR,SF,140.72,30.3,8.0,30.64202600958248,00-0035719,10.23298094338726,15.16,155.13199110175088,62.49325201489384,161.78053356376364,-6.648542462012756,132,7
Romeo Doubs,WR,NE,126.88,15.13,11.0,26.39835728952772,00-0037816,10.084977324065832,15.36,154.90525169765118,63.00795728317173,161.78053356376364,-6.875281866112459,133,7
Christian Watson,WR,GB,55.73,9.5,11.0,27.32101300479124,00-0038124,12.077698842224097,12.76,154.11143722677946,57.02062484808982,161.78053356376364,-7.6690963369841825,135,7
Trey McBride,TE,ARI,18.5,5.19,14.0,26.78986995208761,00-0037744,18.44529265219879,15.96,294.3868707290927,64.0488484134629,141.4555441643843,152.93132656470843,10,1
George Kittle,TE,SF,97.7,12.8,8.0,32.90896646132786,00-0033288,14.226875106596218,14.36,204.2979265307217,53.172431943434056,141.4555441643843,62.84238236633741,33,2
Brock Bowers,TE,LV,21.2,5.51,13.0,23.731690622861056,00-0039338,17.018577911055328,11.760000000000002,200.13847623401068,54.189028213976165,141.4555441643843,58.68293206962639,34,2
Travis Kelce,TE,KC,98.18,15.03,5.0,36.91991786447639,00-0030506,12.720131432038832,15.56,197.92524508252424,52.979984666124565,141.4555441643843,56.46970091813995,37,2
Kyle Pitts Sr.,TE,ATL,78.83,11.39,11.0,25.916495550992472,00-0036970,11.6249421411623,16.16,187.8590650011828,52.54810499636604,141.4555441643843,46.40352083679849,41,2
Sam LaPorta,TE,DET,86.19,13.68,6.0,25.648186173853524,00-0039065,12.467770042025926,14.36,179.0371778034923,50.09857088729052,141.4555441643843,37.58163363910802,49,2
Tucker Kraft,TE,GB,78.75,14.69,11.0,25.83983572895277,00-0038996,12.5274413332914,12.96,162.35563967945654,47.42701522072869,141.4555441643843,20.90009551507225,76,3
Jake Ferguson,TE,DAL,119.93,19.24,14.0,27.633127994524298,00-0038041,10.15456267539845,15.56,158.0049952291999,49.09335347793329,141.4555441643843,16.5494510648156,88,3
Dallas Goedert,TE,PHI,119.37,17.06,10.0,31.67419575633128,00-0034351,11.003692425177436,13.760000000000002,151.41080777044155,46.45628431330097,141.4555441643843,9.955263606057258,99,3
Hunter Henry,TE,NE,167.1,25.75,11.0,31.74811772758385,00-0033090,9.94655363322689,15.16,150.78975307971965,47.905609030756885,141.4555441643843,9.334208915335353,101,3
Dalton Kincaid,TE,BUF,111.01,12.69,7.0,26.88569472963724,00-0038933,10.544224679573832,14.16,149.30622146276545,46.58625097849082,141.4555441643843,7.850677298381157,107,3
Dalton Schultz,TE,HOU,162.07,22.67,8.0,30.154688569472963,00-0034383,9.180936580621848,15.76,144.69156051060034,48.24125017951366,141.4555441643843,3.236016346216047,117,3
Juwan Johnson,TE,NO,127.67,19.32,8.0,29.97946611909651,00-0036040,9.455584502966865,14.96,141.4555441643843,46.7753055598675,141.4555441643843,0.0,124,4
Mark Andrews,TE,BAL,133.61,23.71,13.0,31.000684462696785,00-0034753,9.288004708781454,14.76,137.09094950161426,46.09379966220557,141.4555441643843,-4.364594662770031,130,4
Chig Okonkwo,TE,WAS,163.01,22.77,7.0,26.99520876112252,00-0037809,8.273597725953053,15.96,132.04661970621072,47.59250474220551,141.4555441643843,-9.408924458173573,141,4
Cade Otton,TE,TB,239.02,24.66,10.0,27.394934976043807,00-0038129,8.666720058498875,14.96,129.65413207514317,45.7306020973848,141.4555441643843,-11.801412089241126,145,4
Harold Fannin Jr.,TE,CLE,76.23,12.06,11.0,22.13004791238877,00-0040663,13.114970271366705,9.797777777777778,128.4975642810129,42.91816639759501,141.4555441643843,-12.957979883371394,146,4
Colston Loveland,TE,CHI,36.28,11.7,10.0,22.409308692676248,00-0040126,12.679819146366704,9.797777777777778,124.23405025851288,42.02487950112437,141.4555441643843,-17.221493905871412,154,5
Kenyon Sadiq,TE,NYJ,223.91,28.43,13.0,21.508555783709788,00-0041032,8.28218278671025,14.9,123.40452352198272,45.106020945948686,141.4555441643843,-18.051020642401568,158,5
Pat Freiermuth,TE,PIT,233.5,31.87,9.0,27.86584531143053,00-0036894,8.44405481283431,14.56,122.94543807486755,44.51947723335637,141.4555441643843,-18.51010608951674,161,5
David Njoku,TE,LAC,254.16,28.98,7.0,30.15742642026009,00-0033885,8.92588692214318,13.56,121.03502666426152,42.89050123074985,141.4555441643843,-20.42051750012277,167,5
Evan Engram,TE,DEN,255.13,26.31,10.0,32.01095140314853,00-0033881,8.39188797792506,14.36,120.50751136300389,43.99001505430673,141.4555441643843,-20.948032801380407,168,5
Isaiah Likely,TE,NYG,118.57,26.71,8.0,26.38466803559206,00-0037838,8.704650708194519,13.760000000000002,119.7759937447566,43.03357646853557,141.4555441643843,-21.679550419627702,170,5
Tyler Warren,TE,IND,53.36,10.12,13.0,24.28747433264887,00-0040128,12.323957998536295,9.66777777777778,119.14528727251592,41.08571422872764,141.4555441643843,-22.310256891868377,175,5
T.J. Hockenson,TE,MIN,188.02,27.92,6.0,29.177275838466805,00-0035229,8.330723489115702,13.96,116.2968999080552,42.989006699390295,141.4555441643843,-25.158644256329097,178,5
Colby Parkinson,TE,LAR,266.14,18.64,11.0,27.66050650239562,00-0036244,7.858768581284313,14.56,114.4236705434996,43.78905300405418,141.4555441643843,-27.031873620884696,182,5
Eli Stowers,TE,PHI,288.95,33.68,10.0,23.394934976043807,00-0041483,7.423293794917836,14.9,110.60707754427575,44.08362191989106,141.4555441643843,-30.84846662010854,195,6
Brenton Strange,TE,JAC,160.94,25.18,7.0,25.69199178644764,00-0038935,8.771324981891697,12.16,106.65931177980303,39.576838666833815,141.4555441643843,-34.79623238458126,202,6
Jonnu Smith,TE,GB,358.18,39.24,11.0,31.041752224503764,00-0033858,6.691756154116733,15.76,105.46207698887972,45.388662080312926,141.4555441643843,-35.99346717550458,204,6
Mike Gesicki,TE,CIN,277.84,21.71,6.0,30.92676249144421,00-0034829,7.165390282848431,14.56,104.32808251827316,42.97742855501527,141.4555441643843,-37.12746164611113,208,6
AJ Barner,TE,SEA,211.33,22.21,11.0,24.34496919917865,00-0039793,8.207724108155837,12.16,99.80592515517498,38.75096086809556,141.4555441643843,-41.64961900920932,227,6
Zach Ertz,TE,FA,372.6,28.22,,35.82203969883641,00-0030061,7.4418869748882,13.36,99.42360998450636,40.46357846718197,141.4555441643843,-42.031934179877936,229,6
Cole Kmet,TE,CHI,324.18,24.41,10.0,27.49349760438056,00-0036290,6.3093422718606815,14.96,94.3877603870358,43.04220403635925,141.4555441643843,-47.067783777348495,232,6
Jake Tonges,TE,SF,292.55,32.95,8.0,27.16495550992471,00-0037112,8.122076600293548,11.33,92.0231278813259,36.79988500192635,141.4555441643843,-49.43241628305839,240,7
Oronde Gadsden II,TE,LAC,224.17,38.1,7.0,23.200547570157426,00-0040189,8.965673043638008,9.95,89.20844678419817,35.26886942514348,141.4555441643843,-52.24709738018612,247,7
Darren Waller,TE,CAR,268.11,31.25,5.0,33.97946611909651,00-0031610,8.938363832097284,9.96,89.02610376768897,35.24197260945856,141.4555441643843,-52.42944039669533,248,7
Theo Johnson,TE,NYG,285.13,27.18,8.0,25.52498288843258,00-0039847,7.70552496750123,10.96,84.45255364381349,35.37383454656204,141.4555441643843,-57.002990520570805,251,7
Mason Taylor,TE,NYJ,276.24,24.22,13.0,22.32991101984942,00-0040736,8.147180769230772,10.321111111111112,84.08795796153849,34.6761613446117,141.4555441643843,-57.3675862028458,252,7
Eli Raridon,TE,NE,315.54,34.37,11.0,22.56536618754278,00-0041395,5.492254585132739,14.9,81.83459331847781,42.12800033816799,141.4555441643843,-59.62095084590648,256,7
Oscar Delp,TE,NO,313.96,32.59,8.0,23.091033538672143,00-0041041,5.492254585132739,14.9,81.83459331847781,42.12800033816799,141.4555441643843,-59.62095084590648,257,7
Terrance Ferguson,TE,LAR,205.53,43.49,11.0,23.50171115674196,00-0040737,7.578769923563222,10.78111111111111,81.70756063148215,34.795012253645055,141.4555441643843,-59.74798353290214,259,7
Greg Dulcich,TE,MIA,215.31,39.45,6.0,26.4476386036961,00-0037252,7.881125208836327,10.124444444444444,79.79201433657401,33.84018303055629,141.4555441643843,-61.66352982781028,263,7
Dawson Knox,TE,BUF,329.24,30.21,7.0,29.80971937029432,00-0035689,5.559745304435353,13.96,77.61404444991753,39.84797409690097,141.4555441643843,-63.84149971446677,267,7
Noah Fant,TE,NO,349.73,25.02,8.0,28.79397672826831,00-0035644,5.367554143930481,14.16,76.00456667805561,40.16786442890699,141.4555441643843,-65.45097748632868,272,7
Max Klare,TE,LAR,332.08,28.82,11.0,23.16495550992471,00-0041510,5.097326051770256,14.9,75.95015817137683,41.79111424998928,141.4555441643843,-65.50538599300747,273,7
Brandon Aubrey,K,DAL,185.55,7.32,14.0,31.48254620123204,00-0037692,11.729166666666666,16.0,187.66666666666663,24.0,136.66666666666666,51.0,40,1
Ka'imi Fairbairn,K,HOU,192.36,6.93,8.0,32.602327173169066,00-0032726,11.166666666666666,16.0,178.66666666666666,24.0,136.66666666666666,42.0,44,1
Cameron Dicker,K,LAC,194.55,14.61,7.0,26.33538672142368,00-0037224,10.645833333333334,16.0,170.33333333333334,24.0,136.66666666666666,33.666666666666686,55,1
Cam Little,K,JAC,198.39,6.59,7.0,23.055441478439427,00-0039409,10.083333333333334,16.0,161.33333333333334,24.0,136.66666666666666,24.66666666666669,67,2
Jason Myers,K,SEA,200.45,7.81,11.0,35.32101300479124,00-0031492,9.895833333333334,16.0,158.33333333333334,24.0,136.66666666666666,21.66666666666669,73,2
Eddy Pineiro,K,SF,209.07,12.01,8.0,30.981519507186857,00-0034173,9.770833333333334,16.0,156.33333333333334,24.0,136.66666666666666,19.66666666666669,82,2
Tyler Loop,K,BAL,212.52,18.81,13.0,25.08966461327857,00-0040074,9.604166666666666,16.0,153.66666666666666,24.0,136.66666666666666,17.0,86,2
Evan McPherson,K,CIN,217.15,18.2,6.0,27.129363449692,00-0036854,9.4375,16.0,151.0,24.0,136.66666666666666,14.333333333333345,91,2
Cairo Santos,K,CHI,218.57,17.17,10.0,34.81724845995893,00-0031203,8.9375,16.0,143.0,24.0,136.66666666666666,6.333333333333343,111,3
Jake Bates,K,DET,220.72,15.54,6.0,27.512662559890487,00-0039172,8.833333333333334,16.0,141.33333333333334,24.0,136.66666666666666,4.666666666666686,114,3
Andy Borregales,K,NE,223.71,18.46,11.0,,,8.75,16.0,140.0,24.0,136.66666666666666,3.333333333333343,116,3
Chase McLaughlin,K,TB,228.08,21.68,10.0,30.409308692676248,00-0035358,8.5625,16.0,137.0,24.0,136.66666666666666,0.3333333333333428,120,3
Harrison Mevis,K,LAR,229.98,25.59,11.0,24.44626967830253,00-0039498,8.541666666666666,16.0,136.66666666666666,24.0,136.66666666666666,0.0,122,3
Harrison Butker,K,KC,243.9,23.5,5.0,31.148528405201915,00-0033303,8.354166666666666,16.0,133.66666666666666,24.0,136.66666666666666,-3.0,129,3
Chris Boswell,K,PIT,244.39,19.98,9.0,35.47707049965777,00-0031136,8.1875,16.0,131.0,24.0,136.66666666666666,-5.666666666666657,131,4
Will Reichard,K,MIN,251.58,27.7,6.0,25.65639972621492,00-0039404,8.083333333333334,16.0,129.33333333333334,24.0,136.66666666666666,-7.333333333333314,134,4
Wil Lutz,K,DEN,265.87,29.55,10.0,32.167008898015055,00-0032569,7.979166666666667,16.0,127.66666666666669,24.0,136.66666666666666,-8.999999999999986,140,4
Daniel Carlson,K,NO,266.18,62.45,8.0,31.61943874058864,00-0034161,7.916666666666667,16.0,126.66666666666669,24.0,136.66666666666666,-9.999999999999986,143,4
Nick Folk,K,ATL,266.63,61.17,11.0,41.83436002737851,00-0025565,7.833333333333333,16.0,125.33333333333331,24.0,136.66666666666666,-11.333333333333329,144,4
Spencer Shrader,K,IND,267.56,37.03,13.0,27.301848049281315,00-0039576,7.583333333333333,16.0,121.33333333333331,24.0,136.66666666666666,-15.333333333333329,149,4
Trey Smack,K,GB,269.91,47.24,11.0,23.15400410677618,00-0040899,7.5,16.0,120.0,24.0,136.66666666666666,-16.666666666666657,151,4
Tyler Bass,K,BUF,275.3,46.95,7.0,29.557837097878167,00-0036162,7.145833333333333,16.0,114.33333333333331,24.0,136.66666666666666,-22.33333333333333,176,5
Blake Grupe,K,NYJ,279.5,52.84,13.0,27.835728952772072,00-0038905,6.9375,16.0,111.0,24.0,136.66666666666666,-25.666666666666657,180,5
Ryan Fitzgerald,K,CAR,282.57,78.42,5.0,26.06433949349761,00-0040279,6.875,16.0,110.0,24.0,136.66666666666666,-26.666666666666657,181,5
Charlie Smyth,K,NO,284.75,39.63,8.0,25.196440793976727,00-0039229,6.75,16.0,108.0,24.0,136.66666666666666,-28.666666666666657,185,5
Zane Gonzalez,K,FA,290.18,60.89,,31.3347022587269,00-0033862,6.583333333333333,16.0,105.33333333333331,24.0,136.66666666666666,-31.33333333333333,197,5
Brandon McManus,K,FA,290.2,74.79,,35.11841204654346,00-0029822,6.229166666666667,16.0,99.66666666666669,24.0,136.66666666666666,-36.99999999999999,207,5
Ben Sauls,K,FA,290.4,93.59,,25.100616016427104,00-0040530,5.958333333333333,16.0,95.33333333333331,24.0,136.66666666666666,-41.33333333333333,219,5
Joey Slye,K,TEN,295.14,72.38,9.0,30.40657084188912,00-0035192,5.416666666666667,16.0,86.66666666666667,24.0,136.66666666666666,-49.99999999999999,242,6
Chad Ryland,K,ARI,296.33,75.99,14.0,26.89390828199863,00-0038567,4.6875,16.0,75.0,24.0,136.66666666666666,-61.66666666666666,264,6
Jake Elliott,K,PHI,303.27,37.81,10.0,31.6249144421629,00-0033787,4.375,16.0,70.0,24.0,136.66666666666666,-66.66666666666666,278,6
Dominic Zvada,K,NYG,342.0,17.68,8.0,22.86652977412731,00-0041145,3.5,16.0,56.0,24.0,136.66666666666666,-80.66666666666666,343,7
Drew Stevens,K,WAS,304.0,46.91,7.0,22.74332648870637,00-0041182,3.5,16.0,56.0,24.0,136.66666666666666,-80.66666666666666,344,7
Jason Sanders,K,FA,362.25,27.67,,30.806297056810404,00-0034794,3.5,16.0,56.0,24.0,136.66666666666666,-80.66666666666666,345,7
Houston Texans,DST,HOU,153.67,5.61,8.0,,,11.251041666666666,16.0,180.01666666666665,30.0,113.56666666666666,66.44999999999999,30,1
Denver Broncos,DST,DEN,164.44,7.26,10.0,55.92607802874743,,10.630208333333334,16.0,170.08333333333334,30.0,113.56666666666666,56.51666666666668,36,1
Los Angeles Rams,DST,LAR,164.96,7.67,11.0,,,9.802083333333334,16.0,156.83333333333334,30.0,113.56666666666666,43.26666666666668,42,2
Seattle Seahawks,DST,SEA,167.18,5.83,11.0,,,9.398958333333333,16.0,150.38333333333333,30.0,113.56666666666666,36.81666666666666,51,2
Philadelphia Eagles,DST,PHI,175.18,8.83,10.0,,,9.119791666666666,16.0,145.91666666666666,30.0,113.56666666666666,32.349999999999994,57,2
Minnesota Vikings,DST,MIN,186.53,12.28,6.0,,,8.858333333333334,16.0,141.73333333333335,30.0,113.56666666666666,28.16666666666669,62,2
Pittsburgh Steelers,DST,PIT,186.75,7.15,9.0,,,8.534375,16.0,136.55,30.0,113.56666666666666,22.98333333333335,70,3
New England Patriots,DST,NE,187.17,20.09,11.0,,,8.377083333333333,16.0,134.03333333333333,30.0,113.56666666666666,20.46666666666667,79,3
Jacksonville Jaguars,DST,JAC,188.99,13.61,7.0,,,8.094791666666666,16.0,129.51666666666665,30.0,113.56666666666666,15.949999999999989,89,3
Los Angeles Chargers,DST,LAC,191.65,13.22,7.0,,,7.928124999999999,16.0,126.84999999999998,30.0,113.56666666666666,13.283333333333315,92,3
Baltimore Ravens,DST,BAL,196.77,16.19,13.0,,,7.584375,16.0,121.35,30.0,113.56666666666666,7.783333333333346,108,3
Green Bay Packers,DST,GB,207.26,23.65,11.0,,,7.41875,16.0,118.7,30.0,113.56666666666666,5.13333333333334,112,3
Kansas City Chiefs,DST,KC,209.61,17.31,5.0,47.07734428473648,,7.097916666666666,16.0,113.56666666666666,30.0,113.56666666666666,0.0,125,4
Detroit Lions,DST,DET,220.28,28.13,6.0,,,6.9281250000000005,16.0,110.85,30.0,113.56666666666666,-2.7166666666666544,128,4
Cleveland Browns,DST,CLE,220.74,30.63,11.0,,,6.605208333333333,16.0,105.68333333333332,30.0,113.56666666666666,-7.88333333333334,136,4
Buffalo Bills,DST,BUF,227.03,23.74,7.0,,,6.496875,16.0,103.95,30.0,113.56666666666666,-9.61666666666666,142,4
Tennessee Titans,DST,TEN,235.78,57.42,9.0,,,6.216666666666666,16.0,99.46666666666664,30.0,113.56666666666666,-14.100000000000009,147,4
Dallas Cowboys,DST,DAL,247.62,54.29,14.0,,,5.952083333333333,16.0,95.23333333333332,30.0,113.56666666666666,-18.33333333333333,160,4
New Orleans Saints,DST,NO,261.57,33.67,8.0,,,5.736458333333332,16.0,91.78333333333332,30.0,113.56666666666666,-21.783333333333346,171,5
San Francisco 49ers,DST,SF,264.07,31.0,8.0,,,5.711458333333333,16.0,91.38333333333333,30.0,113.56666666666666,-22.183333333333337,174,5
Cincinnati Bengals,DST,CIN,268.0,59.79,6.0,,,5.532291666666667,16.0,88.51666666666667,30.0,113.56666666666666,-25.05,177,5
Chicago Bears,DST,CHI,268.72,48.42,10.0,,,5.315625,16.0,85.05,30.0,113.56666666666666,-28.516666666666666,184,5
Atlanta Falcons,DST,ATL,271.34,35.49,11.0,53.1088295687885,,5.304166666666666,16.0,84.86666666666666,30.0,113.56666666666666,-28.700000000000003,186,5
New York Giants,DST,NYG,271.9,54.33,8.0,52.03285420944559,,5.227083333333334,16.0,83.63333333333334,30.0,113.56666666666666,-29.933333333333323,189,5
Washington Commanders,DST,WAS,276.5,88.48,7.0,,,5.101041666666666,16.0,81.61666666666666,30.0,113.56666666666666,-31.950000000000003,199,5
Indianapolis Colts,DST,IND,280.47,35.41,13.0,,,4.955208333333332,16.0,79.28333333333332,30.0,113.56666666666666,-34.283333333333346,201,5
Las Vegas Raiders,DST,LV,281.5,55.31,13.0,,,4.821875,16.0,77.14999999999999,30.0,113.56666666666666,-36.41666666666667,205,5
Carolina Panthers,DST,CAR,294.18,57.09,5.0,,,4.110416666666667,16.0,65.76666666666667,30.0,113.56666666666666,-47.8,237,6
Tampa Bay Buccaneers,DST,TB,303.05,58.49,10.0,,,3.865625,16.0,61.85,30.0,113.56666666666666,-51.71666666666667,245,6
Arizona Cardinals,DST,ARI,304.0,65.67,14.0,,,2.8708333333333336,16.0,45.93333333333334,30.0,113.56666666666666,-67.63333333333333,281,7
New York Jets,DST,NYJ,319.2,79.74,13.0,,,2.4166666666666665,16.0,38.66666666666666,30.0,113.56666666666666,-74.9,311,7
Miami Dolphins,DST,MIA,329.71,53.8,6.0,,,1.2729166666666665,16.0,20.366666666666664,30.0,113.56666666666666,-93.2,400,7
