vorp_rank,player,pos,team,ecr,ratio,proj_pts,proj_sd,vorp,replacement,bye,age
1,Ja'Marr Chase,WR,CIN,1.49,1.119441897688987,403.2782519206517,89.08017963575801,206.16727545428225,197.11097646636944,6.0,26.5160848733744
2,Jahmyr Gibbs,RB,DET,2.43,1.1204908981294488,387.882852975636,96.00736112294824,193.7024284824616,194.18042449317443,6.0,24.465434633812457
3,Puka Nacua,WR,LAR,3.43,1.1159810980917813,367.59250287410737,84.56453163762653,170.4815264077379,197.11097646636944,11.0,25.27310061601643
4,Bijan Robinson,RB,ATL,4.19,1.1448237161640336,361.6514123043714,93.11962414337845,167.470987811197,194.18042449317443,11.0,24.59958932238193
5,Jonathan Taylor,RB,IND,11.82,1.1753423196324186,349.67891188677817,91.84061008954608,155.49848739360374,194.18042449317443,13.0,27.630390143737166
6,Christian McCaffrey,RB,SF,9.58,1.1354885575024167,347.8872915441774,91.6514141883291,153.70686705100297,194.18042449317443,8.0,30.24777549623545
7,Jaxon Smith-Njigba,WR,SEA,4.61,1.1064073355068396,344.951078714822,81.8004005194379,147.84010224845255,197.11097646636944,11.0,24.55852156057495
8,James Cook III,RB,BUF,14.97,1.1508539287143216,322.995208673563,89.08480342193276,128.8147841803886,194.18042449317443,7.0,26.94866529774127
9,Amon-Ra St. Brown,WR,DET,5.4,1.1119987869798005,325.89376481653096,79.5417914132212,128.7827883501615,197.11097646636944,6.0,26.869267624914443
10,Trey McBride,TE,ARI,18.5,1.0869980791653555,279.8547560696149,62.89344764919051,122.16297371642284,157.6917823531921,14.0,26.78986995208761
11,CeeDee Lamb,WR,DAL,9.03,1.1163166455674094,316.30480744975165,78.43066207606813,119.19383098338218,197.11097646636944,14.0,27.41409993155373
12,Chase Brown,RB,CIN,17.05,1.1109895105726255,305.752921163732,87.37826821103671,111.5724966705576,194.18042449317443,6.0,26.46132785763176
13,Justin Jefferson,WR,MIN,9.17,1.1109671777143029,306.7758129654763,77.34423872858065,109.66483649910684,197.11097646636944,6.0,27.225188227241617
14,Saquon Barkley,RB,PHI,23.6,1.1748468258588711,302.0480058970258,87.01959745214,107.86758140385136,194.18042449317443,10.0,29.571526351813823
15,Josh Allen,QB,BUF,25.77,1.1663490377428978,402.0522951361837,109.21914815783616,98.95462696837046,303.09766816781325,7.0,30.2943189596167
16,De'Von Achane,RB,MIA,21.49,1.1228529412913613,292.0967161023752,86.07075028360737,97.91629160920075,194.18042449317443,6.0,24.89801505817933
17,Drake London,WR,ATL,13.17,1.1015553403121818,289.58113868311705,75.43107423695402,92.47016221674758,197.11097646636944,11.0,25.11978097193703
18,A.J. Brown,WR,NE,13.73,1.1230968795871792,287.7385796798065,75.22982117108383,90.62760321343704,197.11097646636944,11.0,29.1854893908282
19,Joe Burrow,QB,CIN,44.89,1.2581297953456068,393.643671074453,108.38655210636112,90.54600290663971,303.09766816781325,6.0,29.738535249828885
20,Derrick Henry,RB,BAL,37.64,1.1822328582613155,283.9359764309914,85.30882022781512,89.75555193781696,194.18042449317443,13.0,32.67077344284736
21,Kenneth Walker III,RB,KC,24.95,1.1122357734275097,282.36579601337417,85.16392969481244,88.18537152019974,194.18042449317443,5.0,25.87816563997262
22,Lamar Jackson,QB,BAL,31.84,1.191846818406652,389.7734508752857,108.0071352083926,86.67578270747248,303.09766816781325,13.0,29.661875427789184
23,Nico Collins,WR,HOU,16.0,1.115124990666852,280.95022385298665,74.49488255284864,83.83924738661719,197.11097646636944,8.0,27.468856947296374
24,Omarion Hampton,RB,LAC,25.4,1.112369254780672,275.88398031467875,84.57175536428453,81.70355582150432,194.18042449317443,7.0,23.477070499657767
25,Ashton Jeanty,RB,LV,28.95,1.1282018105288776,275.6453665529739,84.55014003900014,81.46494205979945,194.18042449317443,13.0,22.76249144421629
26,Drake Maye,QB,NE,37.1,1.1854545633178772,380.9228989597332,107.14864933865648,77.82523079191992,303.09766816781325,11.0,24.019164955509925
27,George Pickens,WR,DAL,20.43,1.118719877421897,273.03336043360963,73.65103183562357,75.92238396724017,197.11097646636944,14.0,25.508555783709788
28,Chris Olave,WR,NO,17.37,1.102462462466412,272.83945206354,73.63054641690445,75.72847559717056,197.11097646636944,8.0,26.19301848049281
29,Breece Hall,RB,NYJ,39.52,1.129877345501882,268.21310661468937,83.88352456430661,74.03268212151494,194.18042449317443,13.0,25.267624914442163
30,Kyren Williams,RB,LAR,42.04,1.150008960206374,266.9090272053259,83.76790077411869,72.72860271215148,194.18042449317443,11.0,26.028747433264886
31,Brock Bowers,TE,LV,21.2,1.0777434221865092,227.7987551297884,56.13310845147657,70.10697277659625,157.6917823531921,13.0,23.731690622861056
32,DeVonta Smith,WR,PHI,22.72,1.0939890423943506,266.20850618332696,72.9354019656953,69.0975297169575,197.11097646636944,10.0,27.811088295687885
33,Jeremiyah Love,RB,ARI,40.1,1.113193341318489,262.54542271813733,83.3839635178807,68.3649982249629,194.18042449317443,14.0,21.267624914442163
34,Houston Texans,DST,HOU,153.67,,180.01666666666665,30.0,66.44999999999999,113.56666666666666,8.0,
35,Malik Nabers,WR,NYG,24.25,1.0914758192052854,263.2047027292399,72.62399286661781,66.09372626287043,197.11097646636944,8.0,23.110198494182068
36,Zay Flowers,WR,BAL,29.64,1.106977572235812,261.0096777811999,72.39783052910276,63.89870131483045,197.11097646636944,13.0,25.984941820670773
37,Rashee Rice,WR,KC,27.1,1.0896225102532522,259.3709115922044,72.22975975991258,62.25993512583492,197.11097646636944,5.0,26.37371663244353
38,Javonte Williams,RB,DAL,43.43,1.1047548521012327,253.32719000306565,82.5880741314738,59.146765509891225,194.18042449317443,14.0,26.36550308008213
39,Travis Etienne Jr.,RB,NO,45.04,1.115384655724267,252.75536258681055,82.53939256776293,58.57493809363615,194.18042449317443,8.0,27.61122518822724
40,Colston Loveland,TE,CHI,36.28,1.0728117026341606,215.5409135439752,54.639306117841485,57.84913119078311,157.6917823531921,10.0,22.409308692676248
41,Denver Broncos,DST,DEN,164.44,,170.08333333333334,30.0,56.51666666666668,113.56666666666666,10.0,55.92607802874743
42,Garrett Wilson,WR,NYJ,30.28,1.090434921628703,253.32867104697897,71.61589957231871,56.2176945806095,197.11097646636944,13.0,26.12457221081451
43,D'Andre Swift,RB,CHI,52.39,1.1223515992848363,248.77994810102464,82.20320975369319,54.599523607850216,194.18042449317443,10.0,27.644079397672822
44,Ladd McConkey,WR,LAC,33.83,1.0940625531953998,250.0295912096481,71.28466065989407,52.918614743278624,197.11097646636944,7.0,24.84599589322382
45,Bucky Irving,RB,TB,56.3,1.1246831075174892,245.25222000473943,81.90821859069744,51.071795511565,194.18042449317443,10.0,24.04928131416838
46,Brandon Aubrey,K,DAL,185.55,,187.66666666666663,24.0,51.0,136.66666666666666,14.0,31.48254620123204
47,Jaylen Waddle,WR,DEN,33.99,1.10032311805117,248.06212757676224,71.08846324774329,50.9511511103928,197.11097646636944,10.0,27.78097193702943
48,Tyler Warren,TE,IND,53.36,1.0602865186481665,206.8289326087832,53.604206606945375,49.13715025559105,157.6917823531921,13.0,24.28747433264887
49,Tetairoa McMillan,WR,CAR,35.88,1.0880886121563849,244.24159370246144,70.7103779883344,47.13061723609198,197.11097646636944,5.0,23.42231348391513
50,Tee Higgins,WR,CIN,36.7,1.0893198911354354,243.17228569223948,70.60525062515524,46.06130922587002,197.11097646636944,6.0,27.633127994524298
51,David Montgomery,RB,HOU,60.31,1.1249226020879164,240.1808162749496,81.48970604835468,46.00039178177519,194.18042449317443,8.0,29.24845995893224
52,Emeka Egbuka,WR,TB,40.74,1.094869268607271,242.86220639607612,70.57482274400586,45.75122992970668,197.11097646636944,10.0,23.89596167008898
53,Luther Burden III,WR,CHI,46.7,1.1034585069611729,241.64538762564288,70.45566597124672,44.53441115927342,197.11097646636944,10.0,22.73511293634497
54,Cam Skattebo,RB,NYG,57.0,1.1065823340774752,238.3666851135809,81.34160664411216,44.18626062040647,194.18042449317443,8.0,24.583162217659137
55,Quinshon Judkins,RB,CLE,60.62,1.136303018623569,238.09269395819967,81.31931322404171,43.91226946502525,194.18042449317443,11.0,22.855578370978783
56,Jayden Daniels,QB,WAS,56.6,1.155251205848622,346.6114072769504,103.94645686056386,43.513739109137134,303.09766816781325,7.0,25.71663244353183
57,Los Angeles Rams,DST,LAR,164.96,,156.83333333333334,30.0,43.26666666666668,113.56666666666666,11.0,
58,Terry McLaurin,WR,WAS,47.68,1.1050552527717434,239.3748886734893,70.23439393678218,42.26391220711983,197.11097646636944,7.0,30.9760438056126
59,Ka'imi Fairbairn,K,HOU,192.36,,178.66666666666666,24.0,42.0,136.66666666666666,8.0,32.602327173169066
60,Jameson Williams,WR,DET,52.92,1.1125486917996412,235.70006234027997,69.87923411644377,38.58908587391048,197.11097646636944,6.0,25.44832306639288
61,Dak Prescott,QB,DAL,77.92,1.2274529315256848,340.6503065943664,103.41144854447003,37.55263842655313,303.09766816781325,14.0,33.106091718001366
62,Davante Adams,WR,LAR,50.83,1.0892757553895986,234.5026091806513,69.76430553873588,37.3916327142818,197.11097646636944,11.0,33.700205338809035
63,Harold Fannin Jr.,TE,CLE,76.23,1.061198244280139,195.04800626698847,52.24222747351784,37.35622391379641,157.6917823531921,11.0,22.13004791238877
64,Seattle Seahawks,DST,SEA,167.18,,150.38333333333333,30.0,36.81666666666666,113.56666666666666,11.0,
65,DJ Moore,WR,BUF,52.35,1.0905169979256857,232.77080095329805,69.5987939815968,35.659824486928585,197.11097646636944,7.0,29.39630390143737
66,Cameron Dicker,K,LAC,194.55,,170.33333333333334,24.0,33.666666666666686,136.66666666666666,7.0,26.33538672142368
67,Justin Herbert,QB,LAC,71.81,1.183261816308678,336.20270785735266,103.01655150056756,33.10503968953941,303.09766816781325,7.0,28.49281314168378
68,Jadarian Price,RB,SEA,67.49,1.113193341318489,226.90776240850136,80.42610601616327,32.72733791532693,194.18042449317443,11.0,22.910335386721425
69,Philadelphia Eagles,DST,PHI,175.18,,145.91666666666666,30.0,32.349999999999994,113.56666666666666,10.0,
70,Bhayshul Tuten,RB,JAC,65.97,1.09612337981824,226.42456010039373,80.38826887478614,32.244135607219306,194.18042449317443,7.0,23.55920602327173
71,Tucker Kraft,TE,GB,78.75,1.073071584030037,189.72311472622064,51.64169144234265,32.031332373028505,157.6917823531921,11.0,25.83983572895277
72,TreVeyon Henderson,RB,NE,70.95,1.125804039583381,225.36176159231675,80.30526791700532,31.18133709914233,194.18042449317443,11.0,23.874058863791923
73,Jalen Hurts,QB,PHI,57.19,1.1494032252422048,333.56761628480206,102.78432760310552,30.469948116988803,303.09766816781325,10.0,28.082135523613964
74,Christian Watson,WR,GB,55.73,1.0956355765143588,227.052233182826,69.05823716004788,29.941256716456536,197.11097646636944,11.0,27.32101300479124
75,Brock Purdy,QB,SF,96.42,1.2112688660608864,332.6752562528624,102.70598213827608,29.577588085049115,303.09766816781325,8.0,26.694045174537987
76,Minnesota Vikings,DST,MIN,186.53,,141.73333333333335,30.0,28.16666666666669,113.56666666666666,6.0,
77,Rome Odunze,WR,CHI,58.87,1.0989802355001674,224.96441606460348,68.86319865013895,27.85343959823402,197.11097646636944,10.0,24.26009582477755
78,Tony Pollard,RB,TEN,84.99,1.1446260591491388,221.55124221563665,80.0101950669225,27.370817722462192,194.18042449317443,9.0,29.352498288843258
79,Rhamondre Stevenson,RB,NE,74.02,1.1130026785101568,219.6580325519645,79.86506426894884,25.47760805879008,194.18042449317443,11.0,28.53388090349076
80,Parker Washington,WR,JAC,58.52,1.082230549164811,222.57075237873383,68.64113413221152,25.459775912364396,197.11097646636944,7.0,24.46269678302533
81,Mike Evans,WR,SF,59.7,1.0927516942274484,222.5136695606416,68.6358587334055,25.402693094272134,197.11097646636944,8.0,33.04312114989733
82,Cam Little,K,JAC,198.39,,161.33333333333334,24.0,24.66666666666669,136.66666666666666,7.0,23.055441478439427
83,Jaylen Warren,RB,PIT,74.43,1.1094476213961944,217.365250040217,79.69062162949743,23.18482554704258,194.18042449317443,9.0,27.8466803559206
84,Pittsburgh Steelers,DST,PIT,186.75,,136.55,30.0,22.98333333333335,113.56666666666666,9.0,
85,Kyle Pitts Sr.,TE,ATL,78.83,1.0647095297437912,180.5843530115599,50.63417810861836,22.892570658367788,157.6917823531921,11.0,25.916495550992472
86,George Kittle,TE,SF,97.7,1.089180115512335,180.36199951461973,50.61004070532447,22.670217161427612,157.6917823531921,8.0,32.90896646132786
87,Sam LaPorta,TE,DET,86.19,1.069691145810373,179.45208972022422,50.51145653798236,21.760307367032112,157.6917823531921,6.0,25.648186173853524
88,Jason Myers,K,SEA,200.45,,158.33333333333334,24.0,21.66666666666669,136.66666666666666,11.0,35.32101300479124
89,Chris Godwin Jr.,WR,TB,74.37,1.1009523976632092,218.74330742337432,68.28952408548066,21.632330957004854,197.11097646636944,10.0,30.5242984257358
90,Carnell Tate,WR,TEN,68.19,1.0842971096214584,218.26434794818053,68.2458274543485,21.153371481811064,197.11097646636944,9.0,21.6290212183436
91,New England Patriots,DST,NE,187.17,,134.03333333333333,30.0,20.46666666666667,113.56666666666666,11.0,
92,DK Metcalf,WR,PIT,79.37,1.103748780345407,217.31521225126937,68.15943617119353,20.204235784899907,197.11097646636944,9.0,28.72826830937714
93,Marvin Harrison Jr.,WR,ARI,69.24,1.0850498123433694,217.0754474853692,68.13765483548796,19.964471018999745,197.11097646636944,14.0,24.07118412046544
94,Eddy Pineiro,K,SF,209.07,,156.33333333333334,24.0,19.66666666666669,136.66666666666666,8.0,30.981519507186857
95,Rico Dowdle,RB,PIT,87.26,1.1430675296795474,213.4178495818413,79.39370128251453,19.237425088666868,194.18042449317443,9.0,28.229979466119097
96,Caleb Williams,QB,CHI,65.14,1.1218259089950922,321.8069033625146,101.76395241053972,18.709235194701364,303.09766816781325,10.0,24.79945242984257
97,Tyler Loop,K,BAL,212.52,,153.66666666666666,24.0,17.0,136.66666666666666,13.0,25.08966461327857
98,Jared Goff,QB,DET,105.55,1.2682914635856548,319.42145817098674,101.56023617619084,16.323790003173485,303.09766816781325,6.0,31.89596167008898
99,Jacksonville Jaguars,DST,JAC,188.99,,129.51666666666665,30.0,15.949999999999989,113.56666666666666,7.0,
100,Brian Thomas Jr.,WR,JAC,81.16,1.0945177045169947,212.55796733993645,67.73047904554781,15.44699087356696,197.11097646636944,7.0,23.91238877481177
101,Trevor Lawrence,QB,JAC,76.37,1.1297620739988312,318.0577947088906,101.4442783446904,14.96012654107733,303.09766816781325,7.0,26.91854893908282
102,Evan McPherson,K,CIN,217.15,,151.0,24.0,14.333333333333345,136.66666666666666,6.0,27.129363449692
103,Los Angeles Chargers,DST,LAC,191.65,,126.84999999999998,30.0,13.283333333333315,113.56666666666666,7.0,
104,Travis Kelce,TE,KC,98.18,1.07186860238448,169.44263108026584,49.44766454343041,11.75084872707373,157.6917823531921,5.0,36.91991786447639
105,Jonathon Brooks,RB,CAR,88.71,1.107124644624773,204.9777596790604,78.77352494529396,10.79733518588597,194.18042449317443,5.0,23.129363449692
106,Michael Pittman Jr.,WR,PIT,81.63,1.0853869064414507,205.65930323645745,67.12063656458353,8.548326770087982,197.11097646636944,9.0,28.919917864476385
107,Baltimore Ravens,DST,BAL,196.77,,121.35,30.0,7.783333333333346,113.56666666666666,13.0,
108,Dalton Kincaid,TE,BUF,111.01,1.0676003446920963,165.11830658570815,49.000197164786535,7.426524232516044,157.6917823531921,7.0,26.88569472963724
109,Cairo Santos,K,CHI,218.57,,143.0,24.0,6.333333333333343,136.66666666666666,10.0,34.81724845995893
110,Wan'Dale Robinson,WR,TEN,85.64,1.0743822301346255,203.12030542326423,66.89989431164314,6.009328956894791,197.11097646636944,9.0,25.66735112936345
111,Courtland Sutton,WR,DEN,86.25,1.0894632111750997,203.0062300818705,66.89002390581066,5.895253615501048,197.11097646636944,10.0,30.90759753593429
112,RJ Harvey,RB,DEN,94.71,1.088984443935009,199.39631636911437,78.3745752038057,5.215891875939917,194.18042449317443,10.0,25.58521560574949
113,Green Bay Packers,DST,GB,207.26,,118.7,30.0,5.13333333333334,113.56666666666666,11.0,
114,Jake Bates,K,DET,220.72,,141.33333333333334,24.0,4.666666666666686,136.66666666666666,6.0,27.512662559890487
115,Chuba Hubbard,RB,CAR,99.84,1.131768224059598,197.64775616107747,78.25144832090768,3.4673316679030397,194.18042449317443,5.0,27.23887748117728
116,Andy Borregales,K,NE,223.71,,140.0,24.0,3.333333333333343,136.66666666666666,11.0,
117,Isaiah Likely,TE,NYG,118.57,1.067908275369425,160.54319743328713,48.53506067954165,2.8514150800950238,157.6917823531921,8.0,26.38466803559206
118,Josh Downs,WR,IND,88.0,1.077885093639534,197.92366143401856,66.45442980712042,0.8126849676490906,197.11097646636944,13.0,25.06776180698152
119,Chase McLaughlin,K,TB,228.08,,137.0,24.0,0.3333333333333428,136.66666666666666,10.0,30.409308692676248
120,Michael Wilson,WR,ARI,88.1,1.084307798337172,197.41783580971168,66.41152906972613,0.3068593433422109,197.11097646636944,14.0,26.535249828884325
121,Harrison Mevis,K,LAR,229.98,,136.66666666666666,24.0,0.0,136.66666666666666,11.0,24.44626967830253
122,Kenny Gainwell,RB,TB,98.34,1.0845320850422326,194.18042449317443,78.00993733997922,0.0,194.18042449317443,10.0,27.48254620123204
123,Kansas City Chiefs,DST,KC,209.61,,113.56666666666666,30.0,0.0,113.56666666666666,5.0,47.07734428473648
124,Dallas Goedert,TE,PHI,119.37,1.0707698999198574,157.6917823531921,48.249580427168745,0.0,157.6917823531921,10.0,31.67419575633128
125,Stefon Diggs,WR,WAS,93.69,1.1046237877663978,197.11097646636944,66.38554334522429,0.0,197.11097646636944,7.0,32.76933607118412
126,Jaxson Dart,QB,NYG,98.35,1.1235176140518626,303.09766816781325,100.19634882345716,0.0,303.09766816781325,8.0,23.318275154004105
127,J.K. Dobbins,RB,DEN,102.38,1.1218961023753706,193.85270566618232,77.98729346183751,-0.3277188269921112,194.18042449317443,10.0,27.720739219712527
128,Alec Pierce,WR,IND,100.28,1.117419274993921,194.7186637047281,66.18399615458367,-2.392312761641364,197.11097646636944,13.0,26.34633812457221
129,Matthew Stafford,QB,LAR,105.93,1.2044566005729247,300.3914237388396,99.97541299248758,-2.706244428973662,303.09766816781325,11.0,38.57905544147844
130,Detroit Lions,DST,DET,220.28,,110.85,30.0,-2.7166666666666544,113.56666666666666,6.0,
131,Harrison Butker,K,KC,243.9,,133.66666666666666,24.0,-3.0,136.66666666666666,5.0,31.148528405201915
132,Patrick Mahomes II,QB,KC,103.11,1.170894956253362,299.76625241057536,99.92458720166144,-3.331415757237892,303.09766816781325,5.0,30.97056810403833
133,Bo Nix,QB,DEN,98.53,1.1617778139040555,299.251236373015,99.8827770939527,-3.846431794798264,303.09766816781325,10.0,26.529774127310063
134,MarShawn Lloyd,RB,GB,106.21,1.1078031822080847,188.7040226017885,77.63572032721082,-5.476401891385933,194.18042449317443,11.0,25.66735112936345
135,Chris Boswell,K,PIT,244.39,,131.0,24.0,-5.666666666666657,136.66666666666666,9.0,35.47707049965777
136,Blake Corum,RB,LAR,109.75,1.1214923199297009,187.7910829049862,77.57420555303221,-6.389341588188216,194.18042449317443,11.0,25.779603011635867
137,Quentin Johnston,WR,LAC,93.76,1.0814134670624298,190.2543441740618,65.81286518054897,-6.8566322923076655,197.11097646636944,7.0,24.99931553730321
138,Jake Ferguson,TE,DAL,119.93,1.0517035584237415,150.72427212203527,47.56669243229981,-6.967510231156837,157.6917823531921,14.0,27.633127994524298
139,Will Reichard,K,MIN,251.58,,129.33333333333334,24.0,-7.333333333333314,136.66666666666666,6.0,25.65639972621492
140,Cleveland Browns,DST,CLE,220.74,,105.68333333333332,30.0,-7.88333333333334,113.56666666666666,11.0,
141,Jordan Mason,RB,MIN,113.61,1.1375577176016292,186.0794139599274,77.4595454808634,-8.101010533247035,194.18042449317443,6.0,27.28815879534565
142,Wil Lutz,K,DEN,265.87,,127.66666666666669,24.0,-8.999999999999986,136.66666666666666,10.0,32.167008898015055
143,Buffalo Bills,DST,BUF,227.03,,103.95,30.0,-9.61666666666666,113.56666666666666,7.0,
144,Daniel Carlson,K,NO,266.18,,126.66666666666669,24.0,-9.999999999999986,136.66666666666666,8.0,31.61943874058864
145,Jayden Reed,WR,GB,103.17,1.0839370655163834,186.7243937509554,65.52406073807924,-10.38658271541408,197.11097646636944,11.0,26.35728952772073
146,Nick Folk,K,ATL,266.63,,125.33333333333331,24.0,-11.333333333333329,136.66666666666666,11.0,41.83436002737851
147,Rachaad White,RB,WAS,112.32,1.1046384098920758,182.63566535777883,77.23153512880721,-11.544759135395594,194.18042449317443,7.0,27.64955509924709
148,Juwan Johnson,TE,NO,127.67,1.0588980289404233,146.05198625378412,47.120789680190114,-11.639796099407988,157.6917823531921,8.0,29.97946611909651
149,Jordan Addison,WR,MIN,107.99,1.0966014294804154,184.7021217769811,65.36048105420366,-12.408854689388363,197.11097646636944,6.0,24.607802874743328
150,Jacory Croskey-Merritt,RB,WAS,114.54,1.1266823054342394,181.6006233366704,77.16370778997282,-12.579801156504004,194.18042449317443,7.0,25.40177960301164
151,Jakobi Meyers,WR,JAC,107.87,1.081339537000969,183.90690463055236,65.29653345777432,-13.204071835817132,197.11097646636944,7.0,29.82340862422998
152,Tennessee Titans,DST,TEN,235.78,,99.46666666666664,30.0,-14.100000000000009,113.56666666666666,9.0,
153,Aaron Jones Sr.,RB,MIN,117.76,1.1323056964330342,179.35155842754023,77.01745038741173,-14.828866065634172,194.18042449317443,6.0,31.761806981519506
154,Spencer Shrader,K,IND,267.56,,121.33333333333331,24.0,-15.333333333333329,136.66666666666666,13.0,27.301848049281315
155,Mark Andrews,TE,BAL,133.61,1.057513483526249,141.6994383470056,46.71437481753728,-15.9923440061865,157.6917823531921,13.0,31.000684462696785
156,Makai Lemon,WR,PHI,108.06,1.0842971096214584,180.90131827719696,65.05677329172391,-16.2096581891725,197.11097646636944,10.0,22.261464750171115
157,Trey Smack,K,GB,269.91,,120.0,24.0,-16.666666666666657,136.66666666666666,11.0,23.15400410677618
158,Baker Mayfield,QB,TB,118.46,1.2116559235608926,286.28068516911753,98.84792911640986,-16.81698299869572,303.09766816781325,10.0,31.39767282683093
159,KC Concepcion,WR,CLE,108.19,1.0842971096214584,179.78651988988184,64.96862682959906,-17.32445657648762,197.11097646636944,11.0,21.949349760438057
160,Dallas Cowboys,DST,DAL,247.62,,95.23333333333332,30.0,-18.33333333333333,113.56666666666666,14.0,
161,Kyle Monangai,RB,CHI,120.02,1.1293058574086563,175.74935101235906,76.78642978729766,-18.43107348081537,194.18042449317443,10.0,24.25188227241616
162,Brenton Strange,TE,JAC,160.94,1.058503486365226,138.9709569057323,46.46412367921309,-18.720825447459845,157.6917823531921,7.0,25.69199178644764
163,De'Zhaun Stribling,WR,SF,121.47,1.0842971096214584,177.4532209396874,64.78551593993288,-19.657755526682053,197.11097646636944,8.0,23.7180013689254
164,Dalton Schultz,TE,HOU,162.07,1.0629619209510068,137.4225417404007,46.32368119654922,-20.269240612791407,157.6917823531921,8.0,30.154688569472963
165,Khalil Shakir,WR,BUF,122.63,1.0972864667862725,176.8242325240892,64.73647622919347,-20.286743942280253,197.11097646636944,7.0,26.590006844626966
166,Woody Marks,RB,HOU,135.81,1.124145623038949,173.7889764701708,76.66238805860797,-20.39144802300362,194.18042449317443,8.0,25.68651608487337
167,Kyler Murray,QB,MIN,113.74,1.156107255594721,282.50947481109705,98.55368034015687,-20.588193356716204,303.09766816781325,6.0,29.08145106091718
168,Jordan Love,QB,GB,116.43,1.1808378752724258,282.2649132006078,98.5347030248186,-20.83275496720546,303.09766816781325,11.0,27.84394250513347
169,New Orleans Saints,DST,NO,261.57,,91.78333333333332,30.0,-21.783333333333346,113.56666666666666,8.0,
170,Chig Okonkwo,TE,WAS,163.01,1.06010664745741,135.5785310225789,46.15793386385873,-22.113251330613224,157.6917823531921,7.0,26.99520876112252
171,San Francisco 49ers,DST,SF,264.07,,91.38333333333333,30.0,-22.183333333333337,113.56666666666666,8.0,
172,Hunter Henry,TE,NE,167.1,1.07139161518373,135.42473829995578,46.144184810264605,-22.267044053236333,157.6917823531921,11.0,31.74811772758385
173,Tyler Bass,K,BUF,275.3,,114.33333333333331,24.0,-22.33333333333333,136.66666666666666,7.0,29.557837097878167
174,Cincinnati Bengals,DST,CIN,268.0,,88.51666666666667,30.0,-25.05,113.56666666666666,6.0,
175,Blake Grupe,K,NYJ,279.5,,111.0,24.0,-25.666666666666657,136.66666666666666,13.0,27.835728952772072
176,Tyler Allgeier,RB,ARI,136.5,1.1107076179179056,168.37966276262205,76.32632522997959,-25.80076173055238,194.18042449317443,14.0,26.392881587953458
177,T.J. Hockenson,TE,MIN,188.02,1.0696731993734814,131.29573430712915,45.77938978285318,-26.39604804606296,157.6917823531921,6.0,29.177275838466805
178,Ryan Fitzgerald,K,CAR,282.57,,110.0,24.0,-26.666666666666657,136.66666666666666,5.0,26.06433949349761
179,Matthew Golden,WR,GB,124.75,1.0804688880126223,170.1744463708533,64.22646961323977,-26.93653009551616,197.11097646636944,11.0,23.09924709103354
180,Jalen Coker,WR,CAR,124.94,1.0888692797185489,169.54489786639766,64.17899392984731,-27.566078599971803,197.11097646636944,5.0,24.851471594798085
181,Chicago Bears,DST,CHI,268.72,,85.05,30.0,-28.516666666666666,113.56666666666666,10.0,
182,Charlie Smyth,K,NO,284.75,,108.0,24.0,-28.666666666666657,136.66666666666666,8.0,25.196440793976727
183,Atlanta Falcons,DST,ATL,271.34,,84.86666666666666,30.0,-28.700000000000003,113.56666666666666,11.0,53.1088295687885
184,Terrance Ferguson,TE,LAR,205.53,1.0545503327487298,128.64304731970626,45.54949819740766,-29.04873503348585,157.6917823531921,11.0,23.50171115674196
185,New York Giants,DST,NYG,271.9,,83.63333333333334,30.0,-29.933333333333323,113.56666666666666,8.0,52.03285420944559
186,Zane Gonzalez,K,FA,290.18,,105.33333333333331,24.0,-31.33333333333333,136.66666666666666,,31.3347022587269
187,AJ Barner,TE,SEA,211.33,1.060857741906054,126.20762766707304,45.34157040428935,-31.48415468611907,157.6917823531921,11.0,24.34496919917865
188,Washington Commanders,DST,WAS,276.5,,81.61666666666666,30.0,-31.950000000000003,113.56666666666666,7.0,
189,Josh Jacobs,RB,GB,147.99,1.1277787901587952,161.81933735639558,75.93112235997958,-32.36108713677885,194.18042449317443,11.0,28.566735112936342
190,Tyjae Spears,RB,TEN,140.39,1.0852074060753731,161.20077536535993,75.89456582405643,-32.9796491278145,194.18042449317443,9.0,25.22655715263518
191,Greg Dulcich,TE,MIA,215.31,1.0574084170812592,124.59935844409392,45.205927811052845,-33.0924239090982,157.6917823531921,6.0,26.4476386036961
192,Chris Rodriguez Jr.,RB,JAC,141.1,1.1026194851807665,161.0667929298843,75.88666369892198,-33.11363156329014,194.18042449317443,7.0,25.94387405886379
193,Romeo Doubs,WR,NE,126.88,1.0694836515378618,163.9692785923652,63.76471415597598,-33.14169787400425,197.11097646636944,11.0,26.39835728952772
194,Jordyn Tyson,WR,NO,138.63,1.0842971096214584,163.8639150167959,63.75699331584841,-33.24706144957358,197.11097646636944,8.0,22.067077344284737
195,Xavier Worthy,WR,KC,129.83,1.073099523754339,163.54010138090433,63.733290098242406,-33.57087508546513,197.11097646636944,5.0,23.362080766598226
196,Indianapolis Colts,DST,IND,280.47,,79.28333333333332,30.0,-34.283333333333346,113.56666666666666,13.0,
197,Deebo Samuel Sr.,WR,SF,140.72,1.0866249698998924,161.72584656828246,63.60119213825899,-35.385129898087,197.11097646636944,8.0,30.64202600958248
198,Las Vegas Raiders,DST,LV,281.5,,77.14999999999999,30.0,-36.41666666666667,113.56666666666666,13.0,
199,Gunnar Helm,TE,TEN,220.35,1.0543766905103826,121.014932527133,44.90845086952398,-36.67684982605911,157.6917823531921,9.0,24.0
200,Tyreek Hill,WR,FA,283.42,1.1237262804611952,160.15004446727056,63.4874323699778,-36.9609319990989,197.11097646636944,,32.51745379876797
201,Brandon McManus,K,FA,290.2,,99.66666666666669,24.0,-36.99999999999999,136.66666666666666,,35.11841204654346
202,Rashid Shaheed,WR,SEA,146.98,1.0869985065999808,159.96213182161745,63.47392745389092,-37.14884464475202,197.11097646636944,11.0,28.0164271047228
203,Brandon Aiyuk,WR,SF,279.1,1.1216033963609375,159.84749749567567,63.46569528506013,-37.2634789706938,197.11097646636944,8.0,28.47364818617385
204,Jonah Coleman,RB,DEN,149.36,1.113193341318489,156.8219445340953,75.63929326588551,-37.35847995907912,194.18042449317443,10.0,23.04722792607803
205,Kenyon Sadiq,TE,NYJ,223.91,1.0608006165282853,119.93905816255928,44.82048031137275,-37.75272419063283,157.6917823531921,13.0,21.508555783709788
206,Denzel Boston,WR,CLE,153.85,1.0842971096214584,159.18867526844338,63.4184774608049,-37.92230119792609,197.11097646636944,11.0,22.751540041067763
207,Dylan Sampson,RB,CLE,148.97,1.1013746686203498,156.13445019676325,75.59977603917545,-38.04597429641117,194.18042449317443,11.0,21.976728268309376
208,Ashton Dulin,WR,IND,337.47,1.1091900042114675,158.07837868151805,63.339264774815085,-39.03259778485142,197.11097646636944,13.0,29.31143052703628
209,Tyler Shough,QB,NO,125.2,1.1532874144426384,263.8829049786187,97.14542567331978,-39.21476318919457,303.09766816781325,8.0,26.94045174537988
210,Ryan Flournoy,WR,DAL,185.74,1.1064450752343298,157.6871797700111,63.31146380425268,-39.42379669635835,197.11097646636944,14.0,26.86105407255305
211,Mike Washington Jr.,RB,LV,152.53,1.113193341318489,154.4271316989168,75.50230191574636,-39.75329279425762,194.18042449317443,13.0,23.17864476386037
212,Tank Dell,WR,HOU,226.41,1.1013571064598282,156.96205796797398,63.26008229980629,-40.14891849839549,197.11097646636944,8.0,26.855578370978783
213,Calvin Ridley,WR,TEN,209.81,1.1002974102377547,156.81103329226983,63.24940538529344,-40.29994317409961,197.11097646636944,9.0,31.71252566735113
214,Sam Darnold,QB,SEA,138.31,1.218565282452846,262.5495611970563,97.04754795988268,-40.548106970756976,303.09766816781325,11.0,29.253935660506503
215,Darius Slayton,WR,NYG,272.71,1.0977886554236609,156.45349320264077,63.224162357353805,-40.65748326372869,197.11097646636944,8.0,29.648186173853524
216,Cooper Kupp,WR,SEA,225.03,1.0975891981965469,156.4250671665615,63.222157464499446,-40.685909299807975,197.11097646636944,11.0,33.22655715263518
217,Tre Tucker,WR,LV,159.03,1.081236314050474,156.33504185026672,63.21580994914063,-40.775934616102745,197.11097646636944,13.0,25.49760438056126
218,Keaton Mitchell,RB,LAC,152.54,1.1182228555165985,153.32260850310251,75.43974723766783,-40.85781599007191,194.18042449317443,7.0,24.635181382614647
219,Jerry Jeudy,WR,CLE,170.19,1.0960952182209218,156.21214969396192,63.20714992573843,-40.898826772407546,197.11097646636944,11.0,27.370294318959616
220,Odell Beckham Jr.,WR,NYG,321.36,1.095957249702646,156.19248684125378,63.20576483633769,-40.91848962511568,197.11097646636944,8.0,33.83436002737851
